-- --------------------------------------------------------
-- 호스트:                          127.0.0.1
-- 서버 버전:                        10.7.7-MariaDB - mariadb.org binary distribution
-- 서버 OS:                        Win64
-- HeidiSQL 버전:                  11.3.0.6295
-- --------------------------------------------------------

/*!40101 SET @OLD_CHARACTER_SET_CLIENT=@@CHARACTER_SET_CLIENT */;
/*!40101 SET NAMES utf8 */;
/*!50503 SET NAMES utf8mb4 */;
/*!40014 SET @OLD_FOREIGN_KEY_CHECKS=@@FOREIGN_KEY_CHECKS, FOREIGN_KEY_CHECKS=0 */;
/*!40101 SET @OLD_SQL_MODE=@@SQL_MODE, SQL_MODE='NO_AUTO_VALUE_ON_ZERO' */;
/*!40111 SET @OLD_SQL_NOTES=@@SQL_NOTES, SQL_NOTES=0 */;


-- samp 데이터베이스 구조 내보내기
CREATE DATABASE IF NOT EXISTS `samp` /*!40100 DEFAULT CHARACTER SET utf8mb3 COLLATE utf8mb3_general_ci */;
USE `samp`;

-- 테이블 samp.escrow 구조 내보내기
CREATE TABLE IF NOT EXISTS `escrow` (
  `ESCROW_NUM` int(11) NOT NULL AUTO_INCREMENT,
  `ESCROW_USER_ID` varchar(200) NOT NULL,
  `ESCROW_TIPER_CODE` int(11) NOT NULL,
  `ESCROW_LESSON_NUM` int(11) NOT NULL,
  `ESCROW_STATUS` int(11) DEFAULT 0,
  `ESCROW_PRICE` int(11) DEFAULT NULL,
  `ESCROW_START` datetime DEFAULT NULL,
  `ESCROW_END` datetime DEFAULT NULL,
  `ESCROW_REPORT_STATUS` int(11) NOT NULL DEFAULT 0,
  `ESCROW_REPORT_USER` int(11) NOT NULL DEFAULT 0,
  PRIMARY KEY (`ESCROW_NUM`),
  KEY `ESCROW_USER_ID_FK` (`ESCROW_USER_ID`),
  KEY `ESCROW_TIPER_CODE_FK` (`ESCROW_TIPER_CODE`),
  KEY `ESCROW_LESSON_NUM_FK` (`ESCROW_LESSON_NUM`),
  CONSTRAINT `ESCROW_LESSON_NUM_FK` FOREIGN KEY (`ESCROW_LESSON_NUM`) REFERENCES `lesson` (`LESSON_NUM`),
  CONSTRAINT `ESCROW_TIPER_CODE_FK` FOREIGN KEY (`ESCROW_TIPER_CODE`) REFERENCES `tiper` (`TIPER_CODE`) ON UPDATE CASCADE,
  CONSTRAINT `ESCROW_USER_ID_FK` FOREIGN KEY (`ESCROW_USER_ID`) REFERENCES `users` (`USER_ID`) ON UPDATE CASCADE
) ENGINE=InnoDB AUTO_INCREMENT=93 DEFAULT CHARSET=utf8mb3 COLLATE=utf8mb3_general_ci;

-- 테이블 데이터 samp.escrow:~47 rows (대략적) 내보내기
/*!40000 ALTER TABLE `escrow` DISABLE KEYS */;
INSERT INTO `escrow` (`ESCROW_NUM`, `ESCROW_USER_ID`, `ESCROW_TIPER_CODE`, `ESCROW_LESSON_NUM`, `ESCROW_STATUS`, `ESCROW_PRICE`, `ESCROW_START`, `ESCROW_END`, `ESCROW_REPORT_STATUS`, `ESCROW_REPORT_USER`) VALUES
	(45, 'bykim', 5, 21, 2, NULL, '2023-05-21 00:04:45', '2023-05-22 00:04:49', 0, 0),
	(46, 'bykim', 8, 34, 2, 1000000, '2023-05-22 00:00:00', '2023-05-22 09:52:31', 0, 0),
	(47, 'smjang', 3, 14, 2, 20000, '2023-05-21 00:00:00', '2023-05-21 00:16:10', 0, 0),
	(48, 'smjang', 3, 13, 0, NULL, NULL, NULL, 0, 0),
	(49, 'bykim', 1, 4, 2, 312000, '2023-05-23 00:00:00', '2023-05-21 22:37:36', 1, 0),
	(50, 'bykim', 5, 20, 2, 50000, '2023-05-24 00:00:00', '2023-05-21 22:38:07', 0, 0),
	(51, 'auhae', 1, 1, 0, 312000, '2023-05-23 00:00:00', NULL, 0, 0),
	(52, 'smjang', 7, 27, 2, 10000, '2023-05-22 00:00:00', '2023-05-21 22:06:11', 0, 0),
	(53, 'smjang', 5, 21, 2, 5000000, '2023-05-22 00:00:00', '2023-05-21 22:09:48', 0, 0),
	(54, 'smjang', 3, 15, 2, 10000000, '2023-05-22 00:00:00', '2023-05-21 22:09:14', 0, 0),
	(55, 'shhan', 3, 15, 2, 9500, '2023-05-22 00:00:00', '2023-05-22 09:37:37', 0, 1),
	(57, 'shlee', 1, 6, 2, 312000, '2023-05-30 00:00:00', '2023-05-21 22:16:43', 0, 0),
	(58, 'syyang', 3, 12, 1, 50000, '2023-05-22 00:00:00', NULL, 0, 0),
	(59, 'syyang', 6, 24, 3, 1300000, '2023-05-22 00:00:00', '2023-05-21 22:42:05', 0, 0),
	(60, 'bykim', 1, 1, 1, 312000, '2023-05-23 00:00:00', NULL, 0, 0),
	(61, 'syyang', 5, 20, 1, 500000, '2023-05-24 00:00:00', NULL, 0, 0),
	(62, 'shlee', 3, 13, 3, 100000, '2023-05-22 00:00:00', '2023-05-21 22:32:22', 0, 0),
	(63, 'bykim', 2, 10, 0, 110000, '2023-05-24 00:00:00', NULL, 0, 0),
	(64, 'syyang', 1, 4, 1, 312000, '2023-05-23 00:00:00', NULL, 0, 0),
	(65, 'smjang', 4, 19, 2, 7000000, '2023-05-25 00:00:00', '2023-05-21 22:19:41', 0, 0),
	(66, 'bykim', 4, 16, 0, NULL, NULL, NULL, 0, 0),
	(67, 'smjang', 7, 59, 2, 9990000, '2023-05-23 00:00:00', '2023-05-21 22:23:24', 0, 0),
	(68, 'syyang', 7, 28, 2, 50000, '2023-05-22 00:00:00', '2023-05-21 22:57:51', 0, 0),
	(69, 'shhan', 8, 32, 2, 1000000, '2023-05-23 00:00:00', '2023-05-22 09:37:52', 0, 0),
	(70, 'syyang', 1, 6, 4, 312000, '2023-05-22 00:00:00', '2023-05-21 22:42:27', 0, 0),
	(71, 'smjang', 7, 30, 0, NULL, NULL, NULL, 0, 0),
	(72, 'syyang', 3, 15, 2, 20000, '2023-05-22 00:00:00', '2023-05-21 22:57:22', 0, 0),
	(73, 'smjang', 6, 25, 2, 3000000, '2023-05-22 00:00:00', '2023-05-21 22:39:18', 0, 0),
	(74, 'syyang', 2, 10, 2, 55000, '2023-05-23 00:00:00', '2023-05-21 22:56:44', 0, 0),
	(75, 'syyang', 6, 25, 2, 300000, '2023-05-22 00:00:00', '2023-05-21 22:56:10', 0, 0),
	(76, 'syyang', 5, 23, 1, 30000, '2023-05-23 00:00:00', NULL, 0, 0),
	(77, 'hmoh', 3, 13, 0, NULL, NULL, NULL, 0, 0),
	(78, 'hmoh', 1, 2, 0, NULL, NULL, NULL, 0, 0),
	(79, 'hmoh', 4, 61, 0, NULL, NULL, NULL, 0, 0),
	(80, 'hmoh', 7, 28, 0, NULL, NULL, NULL, 0, 0),
	(81, 'hmoh', 5, 20, 2, 300000, '2023-05-24 00:00:00', '2023-05-22 09:51:43', 0, 0),
	(82, 'hmoh', 8, 33, 0, NULL, NULL, NULL, 0, 0),
	(83, 'hmoh', 6, 25, 0, NULL, NULL, NULL, 0, 0),
	(84, 'syyang', 3, 13, 1, 50000, '2023-05-23 00:00:00', NULL, 0, 0),
	(85, 'smjang', 2, 8, 2, 10000000, '2023-05-24 00:00:00', '2023-05-22 09:37:20', 0, 0),
	(86, 'shhan', 2, 9, 2, 1000000, '2023-06-01 00:00:00', '2023-05-22 10:01:46', 0, 0),
	(87, 'smjang', 4, 62, 1, 3000000, '2023-05-23 00:00:00', NULL, 0, 0),
	(88, 'syyang', 3, 14, 2, 40000, '2023-05-23 00:00:00', '2023-05-22 09:50:57', 0, 0),
	(89, 'syyang', 7, 27, 2, 500000, '2023-05-23 00:00:00', '2023-05-22 09:54:14', 0, 0),
	(90, 'syyang', 5, 21, 2, 300000, '2023-05-24 00:00:00', '2023-05-22 09:52:58', 0, 0),
	(91, 'shlee', 2, 10, 2, 500000, '2023-05-25 00:00:00', '2023-05-22 09:56:23', 0, 0),
	(92, 'shhan', 6, 25, 0, NULL, NULL, NULL, 0, 0);
/*!40000 ALTER TABLE `escrow` ENABLE KEYS */;

-- 테이블 samp.faq 구조 내보내기
CREATE TABLE IF NOT EXISTS `faq` (
  `FAQ_QUESTION_NUM` int(11) NOT NULL AUTO_INCREMENT,
  `FAQ_QUESTION` varchar(2000) NOT NULL,
  `FAQ_ANSWER` varchar(2000) NOT NULL,
  PRIMARY KEY (`FAQ_QUESTION_NUM`)
) ENGINE=InnoDB AUTO_INCREMENT=79 DEFAULT CHARSET=utf8mb3 COLLATE=utf8mb3_general_ci;

-- 테이블 데이터 samp.faq:~23 rows (대략적) 내보내기
/*!40000 ALTER TABLE `faq` DISABLE KEYS */;
INSERT INTO `faq` (`FAQ_QUESTION_NUM`, `FAQ_QUESTION`, `FAQ_ANSWER`) VALUES
	(55, '[엔터프라이즈] 서비스 이용 시 의뢰 내용은 보호되나요?', '공개하기 어려운 의뢰 내용이 있다면, 아래의 방법으로 보호하실 수 있습니다.\r\n\r\n의뢰인\r\n\r\n의뢰 글 작성 시 공개 불가한 내용은 제외하고 등록해 주세요.\r\n전담 매니저가 배정된 경우에는 전담 매니저에게, 프로젝트에 제안한 전문가와 직접 소통하는 경우에는 해당 전문가에게만 관련 내용을 전달하셔도 됩니다.\r\n\r\n꿀티퍼 (전담 매니저 배정 시)\r\n\r\n◾️ 의뢰하신 프로젝트 내용은 바로 사이트에 노출되지 않고 크몽 전담 매니저와 유선 상담 후 사이트에 최종 등록됩니다. 전담 매니저에게 공개 불가한 내용을 알려주시면, 전문가가 업무 내용을 이해할 수 있을 정도의 최소한의 내용만 전달해 드립니다.\r\n◾️ 필요한 경우, 크몽에서 제공하는 NDA(비밀 유지 계약서) 작성이 가능합니다. 전문가와의  미팅 시 전문가와 NDA 계약 체결 후 자료 공유가 가능합니다.'),
	(56, '[엔터프라이즈] 외주와 상주 프로젝트는 무엇이 다른가요?', '엔터프라이즈 서비스는 외주 프로젝트와 상주 프로젝트 의뢰로 구분됩니다.\r\n\r\n외주 프로젝트\r\n\r\n외주 프로젝트란 의뢰인의 요청에 따라 작업 가능한 전문가와 1회 계약(거래)하는 방식이며, 아래와 같이 구분됩니다.\r\n1) 의뢰인과 전문가가 프로젝트 요청-제안을 통해 거래하는 방식\r\n2) 의뢰인과 전문가가 크몽의 전담 매니저를 통해 계약 및 거래하는 방식(3자 계약, 양자 계약, 마스터 계약) \r\n\r\n일반 상주 프로젝트\r\n\r\n상주 프로젝트란 의뢰인의 요청에 의해 전문가가 계약 종료까지 지정된 장소에서 기간제 업무를 진행하는 방식입니다.\r\n상주 프로젝트에는 크몽의 전담 매니저가 배정되며, 아래와 같은 형태로 계약됩니다.\r\n◾️ 의뢰인과 전문가: 직접 계약\r\n◾️ 의뢰인과 꿀티퍼: 인력 추천 계약 \r\n\r\n상주 프로젝트에 해당하는 의뢰 글에는 크몽의 전담 매니저가 배정되며, 실제 계약 시 총액의 10%가 이용료로 부과됩니다.\r\n※ 커스텀 리쿠르팅 진행 시에는 별도의 수수료가 적용될 수 있습니다.\r\n※ 커스텀 리크루팅이란? 의뢰인의 상황에 따라 진행하는 맞춤 용역계약 서비스이며, 전담 매니저와 논의 후 결정됩니다.'),
	(58, '[엔터프라이즈] 프로젝트에 대한 세금계산서는 누가 발행하나요?', '프로젝트 규모와 유형에 따라 세금계산서 발행 주체가 달라집니다.\r\n\r\n\r\n전담 매니저가 배정되지 않은 프로젝트\r\n\r\n전문가가 세금계산서를 직접 발행합니다.\r\n1) 의뢰 글 작성 시 선택하신 \'세금계산서 발행 여부\'가 전문가에게 노출됩니다.\r\n2) 프로젝트에 제안한 전문가에게 세금계산서 발행 여부를 확인하고, 결제 시 발행 정보를 입력합니다.\r\n3) 거래가 완료된 이후, 구매 확정일을 기준으로 세금계산서를 발행 받습니다.\r\n\r\n전담 매니저가 배정된 프로젝트\r\n\r\n전담 매니저 배정 및 상담을 통해 계약 형태가 결정되며, 계약 형태에 따라 세금계산서 발행 주체가 달라집니다.\r\n1) 크몽 3자 계약\r\n- 의뢰인, 전문가, 크몽 3자 간의 계약 방식입니다.\r\n- 크몽 플랫폼 내에서 안전결제를 진행하시면, 전문가가 의뢰인에게 세금계산서를 발행합니다.\r\n\r\n2) 양자 계약\r\n- 의뢰인, 전문가 양자 간의 계약 방식입니다.\r\n- 전담 매니저를 통해 전문가에게 거래 대금을 지급하시면, 전문가가 의뢰인에게 세금계산서 발행합니다.\r\n\r\n3) 마스터 계약\r\n- 의뢰인-크몽, 크몽-전문가 간의 계약 방식입니다.\r\n- 전담 매니저를 통해 크몽으로 거래 대금을 지급하시면, 크몽이 의뢰인에게 세금계산서를 발행합니다.'),
	(59, '[엔터프라이즈] 프로젝트 비용을 분할결제할 수 있나요?', '크몽 엔터프라이즈에서는 프로젝트 규모·유형에 따라 분할결제 방식을 지원해드립니다.\r\n\r\n진행 방법\r\n\r\n1) 전담 매니저가 배정된 프로젝트인지 확인합니다.\r\n2) 전담 매니저에게 분할결제 의사를 전달하고, 전문가와 함께 업무의 분할 범위를 논의합니다.\r\n3) 이외 상세한 사항은 계약 체결 시 전담 매니저를 통해 안내받습니다.\r\n※ 분할 결제 금액은 \'산출물\'을 기준으로 업무 범위를 분할하여 산정합니다.'),
	(60, '[엔터프라이즈] 프로젝트와 관련하여 전문가와 사전 미팅할 수 있나요?', '엔터프라이즈 전담 매니저가 배정된 프로젝트는 온·오프라인 미팅을 진행하실 수 있습니다.\r\n\r\n \r\n\r\n■ 진행 방법\r\n\r\n1) 미팅 방식과 일정을 선택합니다.\r\n2) 해당 정보를 전담 매니저에게 전달합니다.\r\n3) 전담 매니저를 통해 최종 일정을 합의하고 미팅을 진행합니다.\r\n\r\n\r\n■ 미팅 방식\r\n\r\n1) 오프라인 미팅\r\n　▪ 꿀티퍼 3자 미팅\r\n　- 미팅 방식: 꿀티퍼 본사로 내방하여 진행(강남역 부근)\r\n　- 미팅 참여자: 의뢰인, 전문가, 꿀티퍼 전담 매니저\r\n　- 미팅 시설: 미팅룸, PC, 모니터, Wi-Fi, 주차장 완비\r\n　※ 과업 내용이 복잡하고, 프로젝트에 대한 상세한 설명 및 공유가 필요한 경우에 적합한 방식입니다.\r\n\r\n　▪ 양자 미팅\r\n　- 미팅 방식: 의뢰인, 전문가 간 합의한 장소에서 진행\r\n　- 미팅 참여자: 의뢰인, 전문가\r\n\r\n2) 온라인 미팅(화상 미팅)\r\n　- 미팅 방식: 온라인, \'Google Meet\' 화상 회의 솔루션으로 진행\r\n　- 미팅 참여자: 의뢰인, 전문가, 꿀티퍼 전담 매니저\r\n　※ 미팅을 위한 이동이 불가하거나, 프로젝트가 간단한 업무 범위에 해당하는 경우에 적합한 방식입니다.\r\n\r\n3) 전화 미팅\r\n　- 미팅 방식: 유선 전화로 진행\r\n　- 미팅 참여자: 의뢰인, 전문가\r\n　※ 프로젝트가 간단한 업무 범위일 경우 적합한 방식입니다.'),
	(61, '[엔터프라이즈] 정부지원사업 프로젝트도 이용할 수 있나요?', '꿀티퍼 엔터프라이즈를 통해 정부지원사업 프로젝트도 진행하실 수 있습니다.\r\n\r\n \r\n\r\n■ 이용방법\r\n\r\n1) \'엔터프라이즈\' 페이지에 접속합니다.\r\n※ PC버전: 사이트 왼쪽 상단 \'엔터프라이즈\' 클릭\r\n※ 모바일앱: 모바일 앱 메인 페이지 내 \'엔터프라이즈\' 배너 클릭\r\n\r\n2) \'프로젝트 의뢰하기\'를 클릭하여 의뢰 글을 작성하고 등록합니다.\r\n※ 문의 시, 지원 사업명·사업비 규모·과업 내용 등을 기재해 주시면 보다 빠른 안내가 가능합니다. \r\n\r\n3) 전담 매니저가 배정된 후, 영업일 기준 24시간 내에 상담을 통해 거래 진행 절차를 안내받습니다.\r\n\r\n4) 최종 계약을 체결하고 거래를 진행합니다. \r\n\r\n \r\n\r\n■ 제공되는 서비스\r\n\r\n◾ 정부지원사업 전담 매니저의 컨설팅\r\n배정된 전담 매니저가 전문가 매칭부터 과업 마무리 단계까지 원스톱으로 모든 절차를 지원합니다.\r\n\r\n◾ 지원 사업별 요구 사항에 맞는 계약/결제 방식 제시\r\n- 하나의 계약에 여러 분야의 전문가 종합 매칭\r\n- 지원 사업별 특성을 고려한 개별 협약을 통해 다양한 결제방법 지원\r\n- 세금계산서 발급, 계약서 작성 등 행정절차 지원\r\n\r\n◾ 각종 서류 제공\r\n　- 견적서\r\n　- 사업자 등록증/통장 사본\r\n　- 세금계산서, 신용카드 영수증, 현금영수증 등 결제 영수증\r\n　- 계약서\r\n　※ 기타 필요하신 서류는 추가로 요청하실 수 있습니다.\r\n\r\n \r\n\r\n■ 참고사항\r\n\r\n◾ 정부지원사업의 유형과 규모에 따라 전담 매니저 배정 여부는 달라질 수 있습니다.\r\n◾ 정부지원사업 선정기업을 대상으로, 전담 매니저의 지원 일체는 무료로 진행됩니다.\r\n◾ 기관(부처) 및 사업 종류에 맞춰 계약 및 결제 방식이 달라질 수 있습니다.'),
	(62, '[서비스 소개] 꿀티퍼 마켓은 어떻게 이용하나요?', '꿀티퍼은 각 분야의 전문가가 제공하는 서비스와 상품을 거래할 수 있는 프리랜서 마켓입니다. \r\n꿀티퍼 마켓의 이용방법은 아래 안내를 참고해 주세요.\r\n\r\n \r\n\r\n✱ 목차 \r\n01. 원하는 서비스를 찾는 방법\r\n02. 적합한 서비스를 선택하는 방법\r\n03. 성공적으로 거래 완료하는 방법\r\n\r\n \r\n\r\n■ 01. 원하는 서비스를 찾는 방법\r\n\r\n1) 검색란에 \'키워드\'를 입력하여 관련된 서비스와 전문가를 찾아볼 수 있습니다.\r\n2) 마켓 메인 페이지에서 원하는 \'카테고리\'를 선택하시면 관련된 서비스 목록만 확인할 수 있습니다.\r\n3) 검색 결과와 카테고리 목록에서 제공되는 \'필터 기능\'을 활용하시면 조건에 맞는 서비스를 찾아볼 수 있습니다.\r\n\r\n\r\n■ 02. 적합한 서비스를 선택하는 방법\r\n\r\n1) 서비스의 상세 정보를 확인해 주세요.\r\n- 3단계 패키지(STANDARD/DELUXE/PREMIUM) 별 서비스 제공 조건과 금액\r\n- 전문가의 포트폴리오(* 디자인, IT·프로그래밍, 영상·사진·음향 카테고리 한정) \r\n- 세금계산서 발행 가능 여부\r\n- 서비스 평가 개수와 평균 만족도\r\n- 전문가 프로필\r\n\r\n2) 전문가에게 문의해 주세요.\r\n구매 전에도 서비스 관련 내용을 전문가에게 문의할 수 있습니다.\r\n- 꿀티퍼메시지: 전문가와와 채팅할 수 있는 기능입니다.\r\n- 안심번호: 전문가와 통화할 수 있는 기능입니다.\r\n* 단, 안심번호는 전문가가 \'연락 가능한 시간이 아닌\'경우, \'결제 전 전화상담 미제공 설정\'한 경우에는 확인이 불가합니다.'),
	(63, '[서비스 소개] 꿀티퍼 이용가이드: 의뢰인 편', '안녕하세요, 꿀티퍼에 오신 여러분을 환영합니다.\r\n\r\n \r\n\r\n꿀티퍼은 각 분야의 전문가가 제공하는 서비스와 상품을 편리하고 안전하게 거래할 수 있는 프리랜서 마켓입니다.\r\n전문가가 제공하는 서비스/상품의 카테고리는 총 18가지이며, 원하는 \'카테고리\'를 선택하시면 관련된 서비스 목록만 확인하실 수 있습니다.\r\n\r\n \r\n여기서 잠깐!\r\n\r\n✓ 전문가는 판매할 의사가 있는 서비스를 꿀티퍼에 등록하거나 관련 정보를 프로필에 등록한 회원을 의미합니다.\r\n\r\n✓ 의뢰인은 전문가의 서비스를 탐색하고 구매하는 회원을 의미합니다.\r\n\r\n자, 그럼 이제 본격적으로 꿀티퍼 서비스를 손쉽게 이용하실 수 있는 방법을 알려드립니다.\r\n\r\n1/ 원하는 서비스는 어떻게 찾을 수 있나요?\r\n\r\n구매하고자 하는 서비스와 관련된 \'키워드\'를 검색창에 입력하여 빠르게 탐색할 수 있습니다. 또한 각 카테고리 페이지에서 제공하는 \'필터 기능\'을 활용하면, 선택한 조건에 따라 분류된 서비스만 확인할 수 있습니다. 필터 기능 사용 방법>\r\n\r\n \r\n\r\n2/ 마켓, 엔터프라이즈, Prime은 어떻게 다른 건가요?\r\n\r\n◾ 마켓: 구매하고자 하는 서비스를 회원이 직접 탐색하여 거래할 수 있는 서비스입니다. 마켓 바로 가기>\r\n\r\n◾ 엔터프라이즈: 중·대형 규모의 외주 프로젝트와 상주·파견을 요청할 수 있는 맞춤형 서비스입니다. 프로젝트 의뢰 글을 등록하여 전문가가 보낸 제안을 받거나, 전담 매니저를 통해 서비스 매칭 · 거래 조건 결정 · 결제 및 비용처리 등 거래의 모든 과정을 One-stop으로 지원받을 수 있습니다. 엔터프라이즈 바로 가기>\r\n\r\n◾ Prime: 구매한 의뢰인들의 평가와 꿀티퍼의 기준을 토대로 엄선한 상위 2%의 우수 서비스입니다. prime 바로 가기>\r\n\r\n \r\n\r\n3/ 원하는 서비스를 발견했는데, 전문가와 상담을 진행하고 싶어요.\r\n\r\n서비스를 구매하기 전, 채팅 방식의 꿀티퍼 메시지와 통화 방식의 안심번호 기능을 활용하여 전문가에게 직접 문의하실 수 있습니다. 전문가가 판매하는 서비스 상세페이지 내의 기능을 이용해 주세요.\r\n\r\n◾ PC버전: 전문가에게 문의 남기기 / 연락처 보기\r\n◾ 모바일앱: 문의 / 오른쪽 상단 전화 아이콘\r\n\r\n※ 단, 안심번호는 전문가가 \'연락 가능한 시간이 아닌\'경우, \'결제 전 전화상담 미제공 설정\'한 경우에는 확인이 불가합니다. 전문가에게 문의하는 방법>\r\n※ 원활한 커뮤니케이션을 위해 기본적인 매너는 꼭! 지켜주세요. 커뮤니케이션 꿀팁>\r\n\r\n \r\n\r\n4/ 결제는 어떻게 하면 되나요?\r\n\r\n전문가와의 상담을 통해 구매 의사를 확정한 경우, 서비스 상세페이지 내 [구매하기] 기능을 통해 직접 결제할 수 있습니다. 또한, 전문가가 꿀티퍼메시지로 발송한 [안전결제요청]을 통해 합의한 거래 조건을 확인하고 결제할 수 있습니다.\r\n\r\n \r\n\r\n5/ 작업물이 마음에 들지 않아요.\r\n\r\n처음 합의된 작업 조건이 이행되지 않았거나, 작업물이 마음에 들지 않을 경우 \'작업물 수정을 요청\'할 수 있습니다. 단, 서비스에 설정된 기본 수정 횟수 또는 전문가와 합의한 수정 횟수를 초과한 경우, 추가 작업 비용이 발생할 수 있습니다. 수정 요청 방법>\r\n\r\n \r\n\r\n6/ 거래 중 발생한 문제는 어떻게 해결하나요?\r\n\r\n거래를 원만하게 완료할 수 없다고 판단되는 경우, 전문가에게 ‘주문 취소를 요청’할 수 있습니다. 단, 거래 취소를 위해서는 당사자 간 합의가 선행되어야 합니다. 취소 요청 방법>\r\n전문가와 합의가 불가하거나 이외 다른 문제가 발생한 경우, 고객센터로 문의할 수 있습니다. 문제 발생 시 해결 방법>\r\n\r\n \r\n\r\n7/ 구매 확정과 평가 작성은 어떻게 하나요?\r\n\r\n최종 작업물을 확인한 후, 더 이상의 수정·추가 작업이 필요하지 않다면 ‘구매 확정’을 통해 거래를 완료할 수 있습니다. 구매 확정 안내>\r\n전문가·서비스에 대한 평가는 구매 확정 후 주문정보에서 작성 및 수정할 수 있습니다. 서비스 평가 작성 방법>'),
	(64, '[서비스 소개] 꿀티퍼 이용가이드: 전문가 편', '안녕하세요, 꿀티퍼에 오신 여러분을 환영합니다.\r\n\r\n \r\n\r\n꿀티퍼은 각 분야의 전문가가 제공하는 서비스와 상품을 편리하고 안전하게 거래할 수 있는 프리랜서 마켓입니다.\r\n전문가가 판매할 수 있는 서비스/상품의 카테고리는 총 18가지이며, 유형의 제품 혹은 무형의 서비스를 등록하실 수 있습니다.  \r\n\r\n \r\n\r\n여기서 잠깐!\r\n\r\n✓ 전문가는 판매할 의사가 있는 서비스를 꿀티퍼에 등록하거나 관련 정보를 프로필에 등록한 회원을 의미합니다.\r\n\r\n✓ 의뢰인은 전문가의 서비스를 탐색하고 구매하는 회원을 의미합니다.\r\n\r\n자, 그럼 이제 본격적으로 꿀티퍼 서비스를 손쉽게 이용하실 수 있는 방법을 알려드립니다.\r\n\r\n1/ 전문가 인증은 어떻게 하나요?\r\n\r\n꿀티퍼에서의 판매 활동을 위해 \'전문가 인증\'은 필수 사항입니다.\r\n전문가는 국세청 사업자 등록 여부에 따라 개인 전문가와 기업 전문가로 구분되며, 판매/홍보 대행 약관을 확인하고 각 유형에 해당하는 정보를 입력하는 절차로 인증이 진행됩니다. 전문가 인증 방법>\r\n\r\n \r\n\r\n2/ 판매 활동은 어떻게 하나요?\r\n\r\n꿀티퍼에서는 두 가지 방식으로 판매 활동하실 수 있습니다.\r\n\r\n◾ 마켓: 판매 양식에 맞추어 서비스를 등록하면, 꿀티퍼이 검토 후 판매 승인을 진행해 드립니다. 승인된 서비스는 카테고리 페이지와 검색 결과에 상시 노출되어 의뢰인이 직접 탐색하고 구매할 수 있습니다.\r\n\r\n◾ 맞춤견적: 등록한 전문가 프로필을 기반으로 의뢰인의 견적 요청에 직접 제안하여 거래를 수주할 수 있습니다. 맞춤견적 이용 방법>\r\n\r\n \r\n\r\n3/ 서비스와 프로필은 어떻게 등록하나요?\r\n\r\n◾ 프로필: 프로필 사진을 클릭하면 6단계로 구성된 프로필 항목을 작성할 수 있습니다. 원활한 등록을 위해 \'프로필 사진\', \'자격/경력 사항\' 등을 미리 준비해 두시면 좋습니다. 프로필 등록 방법>\r\n\r\n◾ 서비스: 전문가 인증이 완료되면 판매하려는 서비스에 해당하는 카테고리를 선택하고, 등록 양식을 빠짐없이 작성합니다. 꿀티퍼에서 등록된 서비스의 판매 적합 여부를 검토한 후 영업일 기준 3~7일 이내에 결과를 알려드립니다. 서비스 등록 방법>\r\n\r\n \r\n\r\n4/ 광고는 어떻게 구매하나요?\r\n\r\n등록한 서비스의 판매 활성화를 위해 서비스 및 구매 후기를 상단으로 노출하는 광고를 구매할 수 있습니다. 구매한 광고는 판매 중인 서비스에 즉시 적용되므로, 구매 전 적용 조건 및 기간·비용 등의 정보를 꼭 확인해 주세요. 광고 신청 바로 가기>\r\n\r\n \r\n\r\n5/ 의뢰인과 어떻게 소통할 수 있나요?\r\n\r\n판매 중인 서비스의 상세페이지를 통해, 채팅 방식의 꿀티퍼메시지와 통화 방식의 안심번호 기능을 제공해 드립니다. 거래 전 안심번호를 통한 전화 상담 제공 여부와 상담 가능 시간은 [계정설정> 전문가 정보> 기본 정보]에서 직접 설정할 수 있습니다.\r\n※ 안전한 거래를 위해 거래 전 개인 연락처를 공유·요청하는 행위는 금지되니 유의해 주세요. 안심번호 설정 방법>\r\n※ 원활한 커뮤니케이션을 위해 기본적인 매너는 꼭! 지켜주세요. 의뢰인과 커뮤니케이션하는 방법>\r\n\r\n \r\n\r\n6/ 거래 진행 과정이 궁금합니다.\r\n\r\n의뢰인이 서비스를 결제하면 거래가 시작됩니다. 작업을 완료한 이후에는 [마이꿀티퍼> 판매 관리]의 주문 정보에서 ‘작업물’을 발송할 수 있습니다. 또한, \'수정 요청\', \'취소 요청\', \'구매 확정\' 기능을 통해 전달된 의뢰인의 의사를 확인하고, 거래 중 문제 발생 시에는 \'추가 결제 요청\', \'작업일 연장 요청\' 등을 발송하여 해결할 수 있습니다. 거래 중 발생한 문제 해결 방법>\r\n\r\n \r\n\r\n7/ 수익금 정산은 어떻게 진행되나요?\r\n\r\n작업물 발송 및 의뢰인의 구매 확정이 완료되면 판매하신 계정으로 수익금을 즉시 정산해 드립니다. 원하는 시점에 정산된 수익금에 대해 출금 신청하시면, 영업일 기준 1~2일 이내 인증된 계좌 정보로 지급해 드립니다. 수익금 정산 및 출금 신청 방법>\r\n\r\n \r\n\r\n※ 보다 상세한 가이드는 아래의 첨부파일을 다운로드하여 확인해 주세요.'),
	(65, '[서비스 소개] 꿀티퍼VOD란 무엇인가요?', '꿀티퍼에서 유상 또는 무상으로 제공하는 온라인 영상 강의 서비스입니다.\r\n\r\n■ 꿀티퍼VOD 찾아보기\r\n\r\n1) 꿀티퍼 VOD 카테고리로 접속합니다.\r\n\r\n2) 적합한 서비스를 선택한 후, \'수강 신청\'을 클릭하여 수강을 시작합니다.\r\n\r\n \r\n\r\n■ 수강 절차 \r\n\r\n1) 결제가 완료된 후 주문 정보를 통해 발송된 강의 자료와 강의실 링크를 확인합니다.\r\n※ PC버전: 사이트 오른쪽 상단 \'마이꿀티퍼> 구매 관리> 주문 정보\'로 접속\r\n※ 모바일앱: 메인 페이지 하단 \'마이꿀티퍼> 구매 중인 주문(전체 보기)> 해당 거래 건 클릭\'으로 접속\r\n\r\n2) 강의실 링크를 통해 강의 목록을 확인하고, 커리큘럼에 따라 90일간 강의를 수강할 수 있습니다. \r\n\r\n \r\n\r\n■ 유의사항\r\n\r\n◾️ 구매하신 강의 서비스는 \'구매 확정\' 이후에도 90일간 수강하실 수 있습니다.\r\n\r\n◾️ 꿀티퍼VOD에는 별도의 컨설팅·상담 서비스가 제공되지 않습니다. 강의와 관련한 문의사항은 꿀티퍼 고객센터로 접수해 주시기 바랍니다.\r\n\r\n◾️ 결제 후 7일 이내에 강의 재생 이력이 없는 경우에 한하여 전액 환불받으실 수 있으며, VOD강의를 수강했거나 제공되는 자료를 다운로드한 경우에는 환불이 불가합니다. (※ 환불 규정 바로 가기)'),
	(66, '[서비스 소개] 제휴 문의는 어떻게 접수하나요?', '제휴 관련 문의는 고객센터(☎ 1544-6254, 1:1문의)로 문의를 접수해 주시면 유관 부서 확인 후 답변드리도록 하겠습니다.'),
	(67, '[서비스 소개] 에스크로 결제방식은 무엇인가요?', '에스크로 결제방식이란 \'크몽안전결제\'라고도 부르며, 전문가-의뢰인 간 거래 과정에서 중개 서비스의 제공자인 크몽이 결제 대금을 예치해드리는 방식입니다.\r\n\r\n크몽을 통해 거래하실 경우, 서비스 제공이 완료된 이후 결제 대금이 전문가에게 전달되기 때문에 안전하게 거래하실 수 있습니다.\r\n\r\n단, 당사자 간 직접 결제하신 금액과 거래에 대해서는 문제 발생 시 크몽에서 조정해드릴 수 없으니 크몽을 통해 안전하고 편리하게 거래하시기를 바랍니다.'),
	(68, '[서비스 소개] 마켓 Prime이란 무엇인가요?', '구매한 의뢰인들의 평가와 크몽의 기준에 따라 엄선한, 상위 2%의 우수한 서비스입니다.\r\n\r\n\r\n■ Prime 서비스 찾아보기\r\n\r\n1) \'Prime\' 서비스 페이지로 접속합니다.\r\n※ PC버전: 사이트 왼쪽 상단 \'마켓 Prime\' 클릭\r\n※ 모바일앱: 모바일 앱 및 카테고리 페이지 접속 후, 상단의 \'Prime\' 체크\r\n\r\n2) 카테고리별 Prime 서비스 목록을 확인하고, 서비스·전문가에 대한 정보 등을 탐색합니다.\r\n\r\n3) 적합한 서비스를 선택하여 전문가에게 문의하거나 즉시 결제하여 거래를 시작합니다.'),
	(69, '[이용방법] 구매한 서비스는 어디에서 확인하나요?', '크몽에서 구매한 서비스는 아래 경로에서 확인하실 수 있습니다.\r\n \r\n■ 일반 서비스\r\n\r\n1) 로그인 후 \'마이크몽\' 페이지로 접속합니다.\r\n※ PC버전: 사이트 오른쪽 상단 \'마이크몽\' 클릭\r\n※ 모바일앱: 모바일 앱 메인 페이지 하단 \'마이크몽\' 클릭\r\n2) 페이지 상단 [상품 필터> 서비스]를 설정하시면, 일반 서비스 구매 내역만 확인하실 수 있습니다.\r\n✔ 작업물 파일은 발송 후 90일간 다운로드하실 수 있습니다.\r\n \r\n■ 전자책·템플릿 서비스\r\n\r\n1) 로그인 후 \'마이크몽\' 서비스 페이지로 접속합니다..\r\n2) 페이지 상단 [상품 필터> 전자책/템플릿]를 설정하시면, 자료 구매 내역만 확인하실 수 있습니다.\r\n✔ 전자책/템플릿 자료는 구매 후 90일간 다운로드하실 수 있습니다.\r\n \r\n■ VOD 서비스\r\n1) 로그인 후 \'마이크몽\' 서비스 페이지로 접속합니다.\r\n2) 페이지 상단 [상품 필터> VOD]를 설정하시면, 콘텐츠 구매 내역만 확인하실 수 있습니다.\r\n✔ VOD 강의는 강의 별 수강 기간 내에만 재생하실 수 있습니다.\r\n'),
	(70, '[이용방법] 꿀티퍼 캐시 충전 시 어떤 결제 수단을 사용할 수 있나요?', '꿀티퍼 캐시(적립 캐시)는 아래의 결제 수단을 이용하여 충전하실 수 있습니다. \r\n단, 건 별로 서비스를 직접 결제하시는 경우 휴대폰 결제 등 다른 결제 수단의 사용이 가능합니다.\r\n\r\n\r\n■ 결제수단\r\n\r\n　- 신용카드\r\n\r\n　- 실시간 계좌이체\r\n\r\n　- 무통장 입금'),
	(71, '[이용방법] 카드사 별 크몽 캐시 선불 충전 한도가 있나요?', '크몽 캐시를 카드 결제로 충전하여 사용하시는 경우, 아래 카드사 별 결제 한도를 확인해 주세요.\r\n\r\n \r\n\r\n■ 유의사항\r\n\r\n관련 법령에 따라 1계정 당 보유할 수 있는 최대 충전 캐시 금액은 200만 원입니다.\r\n이는 아래 \'카드사별 결제 한도\'와 무관하게 적용되니 이용에 참고해 주세요.'),
	(72, '[이용방법] 서비스 알림은 무엇이며, 어떻게 설정하나요?', '서비스의 알림은 아래의 방법으로 설정하실 수 있습니다.\r\n※ 계정 보안, 거래 정보, 공지사항 등의 중요 정보는 혜택 알림 수신 동의와 관계없이 발송됩니다.\r\n\r\n \r\n\r\n■ 프로젝트 의뢰 알림 설정\r\n\r\n◾️ 전문가: 나와 관련된 의뢰인이 의뢰 글을 등록하면 알림을 보내드립니다. \r\n◾️ 의뢰인: 등록한 프로젝트 의뢰 글에 대한 전문가의 제안이 도착하면 알림을 보내드립니다.\r\n※ PC버전: 로그인> 계정 설정> 알림 설정\r\n※ 모바일앱: 로그인> 마이크몽> 계정 설정> 알림 설정\r\n\r\n \r\n\r\n■ 혜택 알림 설정\r\n\r\n◾️ 혜택 알림이란? 크몽에서 제공하는 이벤트·쿠폰 등의 혜택과 관련하여 알림을 보내드립니다.\r\n※ PC버전: 로그인> 계정 설정> 알림 설정\r\n※ 모바일앱: 로그인> 마이크몽> 계정 설정> 알림 설정'),
	(73, '[이용방법] 마이크몽은 무엇이며, 어떻게 이용하나요?', '[마이크몽]은 나의 판·구매 활동 이력을 확인/관리할 수 있는 메뉴입니다.\r\n \r\n■ 마이크몽 이용방법\r\n\r\n1) 로그인 후 \'마이크몽\' 서비스 페이지로 접속합니다.\r\n※ PC버전: 사이트 오른쪽 상단 \'마이크몽\' 클릭\r\n※ 모바일앱: 모바일 앱 메인 페이지 하단 \'마이크몽\' 클릭\r\n \r\n2) 프로필 하단의 버튼을 클릭하여, 활동 기준에 따라 \'전문가 ⇆ 의뢰인\'으로 시점을 전환합니다.\r\n \r\n \r\n■ 마이크몽 간단 소개 (*PC버전, 의뢰인 시점 기준)\r\n\r\n◾️ 내 프로젝트: \'엔터프라이즈\' 서비스를 통해 전문가들에게 프로젝트를 의뢰한 이력을 확인할 수 있습니다.\r\n◾️ 구매 관리: 구매한 서비스를 진행 상태별로 확인할 수 있습니다.\r\n◾️ 구매 콘텐츠 관리: 구매한 전자책·VOD 서비스 목록을 확인할 수 있습니다.\r\n◾️ 크몽 캐시: 크몽캐시 보유 금액, 충전·사용 이력을 확인하거나 환불을 신청할 수 있습니다.\r\n◾️ 캐시 충전: 예치금 형태로 보유 및 사용 가능한 크몽캐시를 충전할 수 있습니다.\r\n◾️ 쿠폰: 내가 보유한 쿠폰 내역과 사용·만료 이력을 확인할 수 있습니다.\r\n◾️ 결제 내역: 주문 건별 결제 수단, 영수증을 확인할 수 있습니다.'),
	(74, '[이용방법] 전문가에게 문의·의뢰 시, 첨부할 수 있는 파일의 용량 제한이 있나요?', '크몽은 의뢰인-전문가의 원활한 소통을 위하여, 서비스와 관련된 \'파일 첨부 기능\'을 제공해드리고 있습니다. 각 서비스 이용 시 첨부하실 수 있는 파일의 최대 용량은 아래와 같습니다.\r\n\r\n \r\n\r\n■ 메시지 발송\r\n\r\n메시지 화면에서는 1회 6개, 파일당 최대 500MB의 첨부 파일을 주고받으실 수 있습니다. 대용량 파일의 전송을 원하시는 경우, \'거래가 성립된 이후\' 이메일·공유 프로그램 등을 이용해 주시기 바랍니다.\r\n\r\n\r\n■ 엔터프라이즈 문의 \r\n\r\n의뢰 글을 작성하실 때에는 1회 6개, 파일당 최대 500MB의 첨부 파일을 등록하실 수 있습니다.'),
	(75, '[이용방법] 작성한 서비스 평가는 어디에 노출되나요?', '■ 서비스 평가 노출 위치\r\n\r\n작성하신 서비스 평가는 아래 위치에 노출됩니다.\r\n\r\n1) 해당 전문가의 서비스 페이지\r\n※ PC버전: 서비스 클릭> 메인이미지 하단의 \'서비스 평가\' 탭 클릭\r\n※ 모바일앱: 서비스 클릭> 서비스 페이지 최하단의 \'서비스 평가\' 확인\r\n\r\n2) 해당 전문가의 프로필 페이지\r\n※ PC버전: 서비스 클릭> 페이지 오른쪽 \'전문가 프로필 사진\' 클릭> 프로필 사진 하단 \'받은 평가\' 탭 클릭\r\n※ 모바일앱: 서비스 클릭> 서비스 페이지 하단의 전문가 정보에서 \'프로필 사진\' 클릭> 프로필 사진 하단 \'받은 평가\' 탭 클릭\r\n\r\n \r\n\r\n■ 서비스 평가 활용 Tip\r\n\r\n◾️ 각 평가에 포함된 \'작업일\' \'주문 금액\' 등의 정보를 확인하여, 유사 의뢰 건에 대한 만족도를 확인하실 수 있습니다.\r\n◾️ 디자인 서비스는 \'포토 후기\' 영역을 통해 실제 작업물까지 함께 확인하실 수 있습니다.  \r\n◾️ 최신순(최근 거래순), 별점 높은 순, 별점 낮은 순의 정렬 기준으로 서비스 평가를 확인하실 수 있습니다.\r\n※ 서비스 평가 정렬 기능은, [PC버전> 서비스 페이지]에서만 이용하실 수 있습니다.\r\n\r\n '),
	(76, '[이용방법] 전문가와 어떻게 커뮤니케이션해야 할까요?', '무형 서비스의 특성상, 최종 작업물은 의뢰인-전문가의 소통에 따라 결정됩니다.\r\n\r\n이에 따라 거래의 전 과정에서 의뢰인의 요구 사항을 구체적이고 명확하게 전달하는 것이 중요합니다.\r\n\r\n커뮤니케이션 방법은 아래의 안내를 참고해 주세요. \r\n\r\n \r\n\r\n■ 커뮤니케이션 오류의 원인\r\n\r\n“아니, 데이터 추출했으면 당연히 체크박스 기능이 있어야 하는 것 아닌가요?“\r\n“제가 말씀드린 건 이런 느낌이 아니에요. 심플하면서도 화려한 그 느낌이요. 잘 모르시겠어요?“\r\n“전문가님, 제가 언제 그렇게 말씀드렸나요?“\r\n\r\n성공적인 비즈니스 위해 가장 중요한 첫 단계는 바로 전문가에게 내가 원하는 것을 그대로 전달하는 것입니다.\r\n\'열 길 물속은 알아도 한 길 사람 속은 모른다\'라는 속담처럼, 말하지 않은 내용을 알아서 작업해 줄 수 있는 전문가는 아무도 없습니다.\r\n주관적인 느낌과 기호에 의존한 표현 또한, 자신의 생각이 전문가의 마음대로 해석되기를 바라는 것과 다름없는데요.\r\n\r\n여기에 시간까지 흘러버리면 원하는 대로만 기억하고, 왜곡된 내용으로 서로 오해만 생길 수 있습니다.\r\n\r\n그렇다면 전문가와의 커뮤니케이션을 어떻게 잘 할 수 있을까요?\r\n\r\n \r\n\r\n \r\n\r\n■ 효과적인 커뮤니케이션 방법\r\n\r\n1) 작업의뢰서 내용(의뢰서)은 상세하게 작성해 주세요.\r\n작업 기한·예산 그리고 사전 준비 사항 등을 구체적으로 전달해 주세요. 또한, 전문가가 참고할 수 있는 자료가 있다면 함께 전달하셔도 좋습니다.\r\n\r\n2) 구두로 합의하신 내용도 모두 \'기록\'해 주세요. \r\n통화나 대면 상담을 통해 공유하신 내용은 주어와 목적어, 작업 용어 등 필수 키워드를 포함하여 반드시 꿀티퍼 메시지로 한 번 더 기록해 주세요.\r\n꿀티퍼 메시지 이력은 거래 계약에 준하는 효력을 가지고 있으며, 향후 분쟁 발생 시 증빙 자료로 활용하실 수 있습니다.\r\n\r\n\r\n3) 이해가 어려운 내용을 다시 확인해 주세요.\r\n오해 없는 커뮤니케이션을 위하여 모호한 표현보다는 명확한 단어로 설명해 주세요.\r\n상대방의 메시지를 이해하기 어렵다면, 단어와 문장을 반드시 다시 확인하여 그 의미를 완벽하게 이해하고 커뮤니케이션해 주세요.\r\n\r\n4) 매너있게 소통해 주세요.\r\n비대면으로 이뤄지는 텍스트 메시지·음성 통화 방식의 소통은 대면 상담에 비해 당사자 간 오해가 생길 수 있는 가능성이 큽니다. 원활한 거래 진행을 위해서 상대방과 매너있게 소통해 주세요.\r\n\r\n\r\n'),
	(77, '[이용방법] 메시지 기능은 어떻게 사용하나요?', '메시지 기능이란 전문가-의뢰인이 채팅 형식으로 소통하실 수 있는 기능입니다.\r\n\r\n꿀티퍼 메시지를 통한 대화는 거래 계약에 준하는 효력을 가지고 있으며, 향후 분쟁 시 증빙 자료로 활용하실 수 있으니 당사자 간 합의한 사항은 반드시 꿀티퍼메시지로 기록해 주세요. \r\n\r\n \r\n\r\n■ 메시지 기능 소개\r\n\r\n전체 메시지 목록, 상세 대화 내용, 상대방에 대한 정보를 확인·관리할 수 있습니다. \r\n\r\n1) 전체 메시지 목록에서 다른 회원과의 대화창으로 이동할 수 있습니다. \r\n2) 프로필 정보를 통해 상대방에 대한 정보를 확인할 수 있습니다.\r\n3) 진행 중인 거래가 있는 경우, 거래 정보를 클릭하여 [구매 관리], [판매 관리] 화면으로 이동할 수 있습니다.'),
	(78, '[이용방법] 권장하는 이용 환경이 있나요?', '■ PC버전\r\n\r\n꿀티퍼는 크롬 브라우저에 최적화되어 있습니다.\r\n\r\n이에 따라 익스플로러, 사파리 등 다른 브라우저에서는 서비스 페이지가 정상적으로 작동하지 않을 수 있으니, 가급적 크롬 브라우저를 설치하여 사용하시기를 권장해 드립니다.\r\n\r\n크롬 브라우저를 사용 중임에도 사이트가 정상적으로 작동하지 않는 경우, 아래와 같이 조치할 수 있습니다.\r\n\r\n1) 웹 상단 주소창 오른쪽에 위치한 \'플러그인\'이 정상적으로 설치되었는지 확인해보시기 바랍니다.\r\n2) 크롬 브라우저 내 \'애드 블록\' 이라는 확장(보안) 프로그램을 \'사용 해제\' 상태로 설정해 주시기 바랍니다.\r\n※ [크롬 브라우저 > 설정 > 확장 프로그램 > ADblock(애드 블록) 사용 해제]\r\n\r\n \r\n\r\n■ 모바일앱\r\n\r\n꿀티은 구글 플레이스토어, 애플 앱스토어 서비스를 통해 모바일 애플리케이션을 제공해드립니다.\r\n\r\n모바일앱은 정기·상시 업데이트를 진행하고 있으므로, 앱이 정상적으로 작동하지 않는 경우 \'업데이트\' 또는 \'삭제 후 재설치\'를 통해 서비스를 재이용해 주시기 바랍니다. \r\n\r\n※ 위 방법으로도 서비스 이용이 불가한 경우, 고객센터(☎ 1544-6254, 1:1문의)로 문의를 접수해 주시면 신속하게 해결해드리겠습니다. \r\n\r\n');
/*!40000 ALTER TABLE `faq` ENABLE KEYS */;

-- 테이블 samp.lesson 구조 내보내기
CREATE TABLE IF NOT EXISTS `lesson` (
  `LESSON_NUM` int(11) NOT NULL AUTO_INCREMENT,
  `LESSON_TIPER_CODE` int(11) NOT NULL,
  `LESSON_TITLE` varchar(200) NOT NULL,
  `LESSON_INFO` varchar(5000) NOT NULL,
  `LESSON_CATE` varchar(50) NOT NULL,
  `LESSON_IMG` varchar(2000) DEFAULT NULL,
  `LESSON_ONOFF` int(11) DEFAULT 1,
  `LESSON_DATE` date DEFAULT curdate(),
  `LESSON_USER_NAME` varchar(200) NOT NULL,
  PRIMARY KEY (`LESSON_NUM`),
  KEY `LESSON_CODE_TIPER_FK` (`LESSON_TIPER_CODE`),
  CONSTRAINT `LESSON_CODE_TIPER_FK` FOREIGN KEY (`LESSON_TIPER_CODE`) REFERENCES `tiper` (`TIPER_CODE`) ON DELETE CASCADE ON UPDATE CASCADE
) ENGINE=InnoDB AUTO_INCREMENT=67 DEFAULT CHARSET=utf8mb3 COLLATE=utf8mb3_general_ci;

-- 테이블 데이터 samp.lesson:~59 rows (대략적) 내보내기
/*!40000 ALTER TABLE `lesson` DISABLE KEYS */;
INSERT INTO `lesson` (`LESSON_NUM`, `LESSON_TIPER_CODE`, `LESSON_TITLE`, `LESSON_INFO`, `LESSON_CATE`, `LESSON_IMG`, `LESSON_ONOFF`, `LESSON_DATE`, `LESSON_USER_NAME`) VALUES
	(1, 1, '보고서 작성 기초', '저는 타 고수처럼 단순히 좋다, 잘해주셨다의 리뷰를 받지않고,\r\n합격하신 분들에게 받은 리뷰로만 구성되어있습니다.\r\n비용을 들여서 보고서를 받는것은 합격을 위한것이지\r\n보고서를 단순히 잘해주셨다, 본인마음에 든다\r\n라고 해서 합격하는 것은 아닙니다.\r\n멋진 보고서가 아닌 합격할 수 있는 보고서를 위해 도움을 드립니다.\r\n\r\n현) 국립강원대학교, 상명대학교 실습반 보고서 강사입니다.\r\n현) 2022 기업은행 보고서 심사평가위원\r\n\r\n대학, 공기업, 금융권, 대기업, 외국계, 중소기업 보고서 첨삭 전문입니다.\r\n고객의 정보와 경험을 바탕으로 최적의 보고서를 만들 수 있도록 도와드립니다.\r\n특히 본인상담 및 논의 후 직무에 맞게 본인의 경험을\r\n최대한 살려 지원자로 만들어 드리겠습니다.\r\n\r\n발전공기업 및 은행 인사부 재직하였으며\r\n자기소개서 부분에 있어서는 최고 전문가라\r\n자부합니다.\r\n\r\n믿고 맡겨주시면 후회하지 않으실겁니다.\r\n\r\n- 현) 국립강원대학교 보고서, 면접 등 취업컨설팅 강사\r\n- 현) 상명대학교 교과실습생 보고서 인강 강사\r\n\r\n#대입 논술 및 보고서 작성\r\n#입시컨설팅 #취업컨설팅\r\n#취업 보고서첨삭 ', '사무', 'report.png', 1, '2023-02-01', '장승무'),
	(2, 1, '보고서 작성 중급', '저는 타 고수처럼 단순히 좋다, 잘해주셨다의 리뷰를 받지않고,\r\n합격하신 분들에게 받은 리뷰로만 구성되어있습니다.\r\n비용을 들여서 보고서를 받는것은 합격을 위한것이지\r\n보고서를 단순히 잘해주셨다, 본인마음에 든다\r\n라고 해서 합격하는 것은 아닙니다.\r\n멋진 보고서가 아닌 합격할 수 있는 보고서를 위해 도움을 드립니다.\r\n\r\n현) 국립강원대학교, 상명대학교 실습반 보고서 강사입니다.\r\n현) 2022 기업은행 보고서 심사평가위원\r\n\r\n대학, 공기업, 금융권, 대기업, 외국계, 중소기업 보고서 첨삭 전문입니다.\r\n고객의 정보와 경험을 바탕으로 최적의 보고서를 만들 수 있도록 도와드립니다.\r\n특히 본인상담 및 논의 후 직무에 맞게 본인의 경험을\r\n최대한 살려 지원자로 만들어 드리겠습니다.\r\n\r\n발전공기업 및 은행 인사부 재직하였으며\r\n자기소개서 부분에 있어서는 최고 전문가라\r\n자부합니다.\r\n\r\n믿고 맡겨주시면 후회하지 않으실겁니다.\r\n\r\n[강사 약력]\r\n-부산대학교 행정학과 졸업\r\n-발전공기업 남동발전 재직 (전)\r\n-금융공기업 주택도시보증공사 재직 (전)\r\n-부산은행 재직 (전)\r\n\r\n- 현) 국립강원대학교 보고서, 면접 등 취업컨설팅 강사\r\n- 현) 상명대학교 교과실습생 보고서 인강 강사\r\n\r\n#대입 논술 및 보고서 작성\r\n#입시컨설팅 #취업컨설팅\r\n#취업 보고서첨삭 ', '사무', 'office.png', 1, '2023-02-01', '장승무'),
	(3, 1, '보고서 작성 심화', '저는 타 고수처럼 단순히 좋다, 잘해주셨다의 리뷰를 받지않고,\r\n합격하신 분들에게 받은 리뷰로만 구성되어있습니다.\r\n비용을 들여서 보고서를 받는것은 합격을 위한것이지\r\n보고서를 단순히 잘해주셨다, 본인마음에 든다\r\n라고 해서 합격하는 것은 아닙니다.\r\n멋진 보고서가 아닌 합격할 수 있는 보고서를 위해 도움을 드립니다.\r\n\r\n현) 국립강원대학교, 상명대학교 실습반 보고서 강사입니다.\r\n현) 2022 기업은행 보고서 심사평가위원\r\n\r\n대학, 공기업, 금융권, 대기업, 외국계, 중소기업 보고서 첨삭 전문입니다.\r\n고객의 정보와 경험을 바탕으로 최적의 보고서를 만들 수 있도록 도와드립니다.\r\n특히 본인상담 및 논의 후 직무에 맞게 본인의 경험을\r\n최대한 살려 지원자로 만들어 드리겠습니다.\r\n\r\n발전공기업 및 은행 인사부 재직하였으며\r\n자기소개서 부분에 있어서는 최고 전문가라\r\n자부합니다.\r\n\r\n믿고 맡겨주시면 후회하지 않으실겁니다.\r\n\r\n- 현) 국립강원대학교 보고서, 면접 등 취업컨설팅 강사\r\n- 현) 상명대학교 교과실습생 보고서 인강 강사\r\n\r\n#대입 논술 및 보고서 작성\r\n#입시컨설팅 #취업컨설팅\r\n#취업 보고서첨삭  ', '사무', 'reportA.png', 1, '2023-04-01', '장승무'),
	(4, 1, '컴활 초등학생', '미국,호주,유럽,일본,뉴질랜드,캐나다,홍콩,싱가포르 등에 거주중인 유학생분들에게 레슨을 해드린 경험이 다수 있구요, 유학생분들이 다닌 대학교를 몇개 뽑자면 듀크, 카네기 멜론, 스탠포드, 위스콘신, 와싱턴, UC버클리, 홍콩과기, 와세다, 호주국립, 하얼빈공업 대학 등이 있습니다. 국내에는 서울대,고려대 등에 다니는 대학생, 대학원생분들을 대상으로도 다수의 레슨 경험이 있습니다. 삼성전자, 삼성sds, LG전자, Sk하이닉스, 현대자동차, 엔씨소프트, 크래프톤, 미국 연구소 등 현업에 종사하는 분들에게도 레슨을 해드린 경험이 있습니다. 최근에는 코딩테스트부터 면접까지 2~3달 정도 레슨을 해드린 고객님께서 외국계 기업과 현대중공업그룹, 삼성 자회사, 카카오 자회사, 케이뱅크에 최종 합격하신 기쁜 사례도 있었구요, 유럽 대학교와 청강대 게임전공 입학 성공한 사례와 카카오, 라인, 넥슨, NCSoft, 11번가 코딩테스트 합격 사례가 있었습니다. 유익하고 재미있는 수업으로 고객님께서 투자하신 시간과 금액 그 이상으로 보답해드릴 수 있도록 책임감을 가지고 최선을 다해 수업해드리겠습니다 ^_^\r\n\r\n[일반적인 레슨 진행 방식]\r\n예습 해오신 내용 중에 중요한 내용만 정리한 PPT자료를 제가 화면 공유를 통해 보여드리면서 함께 보며 대화와 질문,답변을 통해 개념 정리하고 남은 시간은 그날 배운 내용을 모두 체득시켜 드리기위해 고객님 화면을 보며 실습 시간으로 진행됩니다. 동영상 강의같은 주입식 레슨 아니구요, 대화,질문,답변 위주의 진행 방식입니다. 예습 / 복습 / 숙제를 권장드립니다 ^_^\r\n\r\n\r\n* 관련 레슨\r\nC/C++\r\nC#, ASP.NET 6.0\r\nUnity\r\nUnreal\r\nHLSL\r\nHTML/CSS\r\nJavascript\r\nTypescript\r\nReact\r\nNode.js\r\nThree.js\r\nExpress\r\nPHP\r\n\r\nKotlin. ', 'IT', 'computer.png', 1, '2023-05-10', '장승무'),
	(5, 1, '집중 프레젠테이션', '① 타 고수는 객관적 신뢰가 없는 반면, 지구컴즈는 소비자가 직접 뽑은 한국소비자만족1위 9년 연속 수상!\r\n\r\n② 타 고수는 1인 프리랜서/아마추어/소규모인 반면, 지구컴즈는 전문 디자이너 20명중 고객님 업종에 최적화된 디자이너 3~4명 참여\r\n\r\n③ 타 고수는 로고만 해주는 반면, 지구컴즈는 명함 인쇄까지 무료서비스! 그리고 간판/시트지/ 명함/봉투/스티커/카탈로그/브로셔/리플렛/ 전단/포스터/배너/현수막/판촉물까지 원스톱 서비스!\r\n\r\n서울시청/조달청/해양수산부/한국전력공사/인천 광주 대전광역시/카이스트/고려대/동국대/한양대/서강대/포항공과대/KT/삼성생명/NH생명/한샘/경동에너지/깨끗한나라 등\r\n\r\n그외 소상공인 로고 브랜딩 & 홍보물 제작 후\r\n매출 수직 상승!! SNS 핫플 등극!!\r\n이제 고객님 차례입니다!\r\n\r\n감사합니다.', 'IT', 'computerA.png', 1, '2023-04-01', '장승무'),
	(6, 1, '누구나 쉬운 포토샵', '① 타 고수는 객관적 신뢰가 없는 반면, 지구컴즈는 소비자가 직접 뽑은 한국소비자만족1위 9년 연속 수상!\r\n\r\n② 타 고수는 1인 프리랜서/아마추어/소규모인 반면, 지구컴즈는 전문 디자이너 20명중 고객님 업종에 최적화된 디자이너 3~4명 참여\r\n\r\n③ 타 고수는 로고만 해주는 반면, 지구컴즈는 명함 인쇄까지 무료서비스! 그리고 간판/시트지/ 명함/봉투/스티커/카탈로그/브로셔/리플렛/ 전단/포스터/배너/현수막/판촉물까지 원스톱 서비스!\r\n\r\n서울시청/조달청/해양수산부/한국전력공사/인천 광주 대전광역시/카이스트/고려대/동국대/한양대/서강대/포항공과대/KT/삼성생명/NH생명/한샘/경동에너지/깨끗한나라 등\r\n\r\n그외 소상공인 로고 브랜딩 & 홍보물 제작 후\r\n매출 수직 상승!! SNS 핫플 등극!!\r\n이제 고객님 차례입니다!\r\n\r\n감사합니다. ', 'IT', 'photoshop.png', 1, '2023-05-01', '장승무'),
	(7, 2, '반려동물 미용', '반려동물미용은 반려동물에 대한 전반적인 지식뿐만 아니라\r\n반려동물미용 이론과 실습을 병행하여 기초부터 실무미용기술까지의 \r\n질적인 교육을 지향합니다.', '라이프스타일', 'animal.png', 1, '2023-05-10', '오현민'),
	(8, 2, '기념일별 선물 추천 / 포장꿀TIP!', '소중한 모든이들에게 선물합니다.\r\n\r\n선물 고르는 노하우와 선물을 보다 더 아름답게 포장하는\r\n기술을 전수해드려요!', '라이프스타일', 'gift.png', 1, '2023-04-01', '오현민'),
	(9, 2, '자바 첫걸음', '- 서울대 학/석 졸업\r\n- 외국계 SW회사 재직중\r\n- 4년 경력의 백엔드 개발자\r\n\r\n- 숙명여대, 인하대, 항공대, 광운대, 경남대 등 강의 다수 출강\r\n- 클래스101, 프로그래머스, 베어유 등 온라인 클래스 강사\r\n\r\n 자세한 수업계획서는 프로필 링크의 "홈페이지" 확인해주세요!\r\n 유학생 수업 / Lesson in English is welcomed!\r\n\r\n 기초강의\r\n1. 파이썬 / Go / Javascript / Rust 기초\r\n2. React 프론트엔드\r\n3. 데이터베이스와 SQL\r\n\r\n 응용강의\r\n1. 파이썬 중급 / 고급\r\n2. 파이썬 백엔드 (Django/Flask/FastAPI) / Go 백엔드\r\n3. 데이터사이언스(데이터 수집/분석/시각화, 머신러닝)\r\n- TF-IDF, 토픽 모델링, 네트워크 분석 등\r\n4. 파이썬 웹 크롤링 / 업무 자동화\r\n\r\n 취업대비\r\n1. 개발자 자소서 첨삭, 취업 및 면접 컨설팅\r\n2. 코딩테스트 대비 기초 알고리즘 및 자료구조 + 문제풀이\r\n3. 프론트엔드 / 백엔드 포트폴리오 만들기 ', 'IT', 'coding.png', 1, '2023-04-01', '오현민'),
	(10, 2, '음치탈출', '무료특강과 연습실 제공\r\n\r\n믹스보이스 고음발성(휘슬까지 레슨가능), 테크닉, 대중가요발성, 성악발성, 뮤지컬 발성\r\n메이저가수보컬트레이닝경력다수\r\n현기획사 메인 보컬트레이너\r\n\r\n각종 가요제 다수 수상\r\n공중파 음악프로그램 지도\r\n\r\n알아듣기 힘든 [성대접지, 흉성, 두성 등] 두루뭉술한 수업이 아닌 자세한 [입술 앞혀 뒷혀등 근육 움직임의 시범] 으로\r\n바로 알아듣고 노래에 적용가능한 레슨\r\n\r\n발성 특허 진행 중 ', '예체능', 'music.png', 1, '2023-05-01', '오현민'),
	(11, 2, '취업반/입시반 전용 음악교', '무료특강과 연습실 제공\r\n\r\n믹스보이스 고음발성(휘슬까지 레슨가능), 테크닉, 대중가요발성, 성악발성, 뮤지컬 발성\r\n메이저가수보컬트레이닝경력다수\r\n현기획사 메인 보컬트레이너\r\n\r\n각종 가요제 다수 수상\r\n공중파 음악프로그램 지도\r\n\r\n알아듣기 힘든 [성대접지, 흉성, 두성 등] 두루뭉술한 수업이 아닌 자세한 [입술 앞혀 뒷혀등 근육 움직임의 시범] 으로\r\n바로 알아듣고 노래에 적용가능한 레슨\r\n\r\n발성 특허 진행 중', '에체능', 'music.png', 1, '2023-05-01', '오현민'),
	(12, 3, '도자기 체험', '안녕하세요 탓츠입니다 :)\r\n\r\n5월 오픈 이벤트 진행중!!\r\n5월 정규 수업 등록 시 주1회/월4번 수업에\r\n+ 1회 무료 추가권 ( 주1회 월4회 -> 주1회 월5번)\r\n6만원 상당의 수업이 무료로 1회 추가 됩니다 기회 잡으세요!!\r\n\r\n[ 클래스 종류 ]\r\n원데이 클래스 : 1시간30분\r\n정규 클래스 : 주1회 , 2회 2시간\r\n키즈 클래스 : 주1회, 2회 1시간 30분\r\n조형 클래스 : 주1회 , 2회 3시간\r\n\r\n조형 클래스는 따로 문의 주세요!\r\n\r\n[ 원데이 클래스 종류 ]\r\n- 핸드빌딩 클래스 / 6만원\r\n흙으로 빚어서 나만의 그릇 만들고 꾸미기\r\n\r\n- 도자 크레파스 클래스 / 5만원\r\n초벌이 된 도자기에 도자기용 크레파스로\r\n그림, 문구를 그려 넣어 세상에 하나뿐인 커스텀 접시 만들기\r\n\r\n- 물레성형 / 7만원\r\n전기 물레로 나만의 도자기 만들기\r\n ', '공예', 'art.png', 1, '2023-05-10', '김보영'),
	(13, 3, '뚝딱뚝딱 목공예', '신나는 목공예!\r\n\r\n5월 오픈 이벤트 진행중!!\r\n5월 정규 수업 등록 시 주1회/월4번 수업에\r\n+ 1회 무료 추가권 ( 주1회 월4회 -> 주1회 월5번)\r\n6만원 상당의 수업이 무료로 1회 추가 됩니다 기회 잡으세요!!\r\n\r\n[ 클래스 종류 ]\r\n원데이 클래스 : 1시간30분\r\n정규 클래스 : 주1회 , 2회 2시간\r\n키즈 클래스 : 주1회, 2회 1시간 30분\r\n\r\n[ 원데이 클래스]\r\n\r\n- 목공예기초/ 5만원\r\n목공예에 대한 기초를 알려드려요!\r\n\r\n- 나무인형깎기 / 7만원\r\n손을 다치지않게하는 나만의 인형만들기\r\n ', '공예', 'wood.png', 1, '2023-04-01', '김보영'),
	(14, 3, '애완견 목욕', '무료특강과 연습실 제공\r\n\r\n믹스보이스 고음발성(휘슬까지 레슨가능), 테크닉, 대중가요발성, 성악발성, 뮤지컬 발성\r\n메이저가수보컬트레이닝경력다수\r\n현기획사 메인 보컬트레이너\r\n\r\n각종 가요제 다수 수상\r\n공중파 음악프로그램 지도\r\n\r\n알아듣기 힘든 [성대접지, 흉성, 두성 등] 두루뭉술한 수업이 아닌 자세한 [입술 앞혀 뒷혀등 근육 움직임의 시범] 으로\r\n바로 알아듣고 노래에 적용가능한 레슨\r\n\r\n발성 특허 진행 중 ', '라이프스타일', 'animalB.png', 1, '2023-05-10', '김보영'),
	(15, 3, '독서토론', '초등1학년~중등/어린이 청소년 독서 논술 수업.\r\n\r\n다양한 주제의 그림책을 이용하여 신문기사와 다양한 자료를 통한 확장수업이 진행됩니다. 정확한 문장쓰기와 내생각쓰기를 돕는 수업입니다.\r\n\r\n초등1-3학년: 그림책을 이용해 독서의 즐거움을 알고 이야기순서를 이해하며, 질문에 자신만의 답을 찾아가며 자신의 생각을 정리해갑니다\r\n\r\n초등4학년 이상: 본격적인 인문학 수업이 시작됩니다. 가족, 환경 , 공감, 인권, 동물권 등 사회전반에 대해 질문하고 생각하는 수업입니다. 자신 생각을 적는 과정에서 문장과 원고쓰기 등 첨삭이 완료됩니다\r\n\r\n중학생들 역시 사회전반 인문학 /철학 수업으로 진행하여 배경지식을 요하는 어린이 청소년에게 반드시 필요한 수업으로 진행합니다\r\n\r\n수업방식은 선택할수 있어요\r\n1)교실로 학생이 오는 경우 (제주도 제주시)\r\n2)온라인 화상수업(제주시 외 타지역)\r\n3)별도 장소에서 수업(제주시인경우) ', '라이프스타일', 'book.png', 1, '2023-04-01', '김보영'),
	(16, 4, '선물함 만들기', '안녕하세요 탓츠입니다 :)\r\n\r\n5월 오픈 이벤트 진행중!!\r\n5월 정규 수업 등록 시 주1회/월4번 수업에\r\n+ 1회 무료 추가권 ( 주1회 월4회 -> 주1회 월5번)\r\n6만원 상당의 수업이 무료로 1회 추가 됩니다 기회 잡으세요!!\r\n\r\n[ 클래스 종류 ]\r\n원데이 클래스 : 1시간30분\r\n정규 클래스 : 주1회 , 2회 2시간\r\n키즈 클래스 : 주1회, 2회 1시간 30분\r\n조형 클래스 : 주1회 , 2회 3시간\r\n\r\n조형 클래스는 따로 문의 주세요!\r\n\r\n[ 원데이 클래스 종류 ]\r\n- 핸드빌딩 클래스 / 6만원\r\n흙으로 빚어서 나만의 그릇 만들고 꾸미기\r\n\r\n- 도자 크레파스 클래스 / 5만원\r\n초벌이 된 도자기에 도자기용 크레파스로\r\n그림, 문구를 그려 넣어 세상에 하나뿐인 커스텀 접시 만들기\r\n\r\n- 물레성형 / 7만원\r\n전기 물레로 나만의 도자기 만들기\r\n ', '공예', 'gift.png', 1, '2023-04-01', '양소연'),
	(17, 4, '전통악기 체험', '무료특강과 연습실 제공\r\n\r\n믹스보이스 고음발성(휘슬까지 레슨가능), 테크닉, 대중가요발성, 성악발성, 뮤지컬 발성\r\n메이저가수보컬트레이닝경력다수\r\n현기획사 메인 보컬트레이너\r\n\r\n각종 가요제 다수 수상\r\n공중파 음악프로그램 지도\r\n\r\n알아듣기 힘든 [성대접지, 흉성, 두성 등] 두루뭉술한 수업이 아닌 자세한 [입술 앞혀 뒷혀등 근육 움직임의 시범] 으로\r\n바로 알아듣고 노래에 적용가능한 레슨\r\n\r\n발성 특허 진행 중', '예체능', 'traditional.png', 1, '2023-05-01', '양소연'),
	(18, 4, '청약당첨 가능성을 올려요', '학력) 단국대학교 경영학전공 졸업\r\n\r\n KH자산관리법인 자산관리사\r\n 나증권 Financial Adviser\r\n 한국FP협회 회원\r\n) 새로배움터 재테크 강사\r\n 종합금융서비스채널 원에스크 운영\r\n\r\n강좌\r\n자산관리를 위한 금융사 사용법-새로배움터\r\n\r\n제공서비스\r\n- 맞춤형 자산배분 포트폴리오 작성\r\n- 목표 기간별 재무 포트폴리오 작성\r\n- 리스크 대비 보험 보장분석\r\n- 상속/증여 절세 상담\r\n\r\n※ 자산관리를 받으시는 분들에게만 제공되는 서비스\r\n- 세무 설계\r\n- 부동산 설계( 부동산 구매, 경매, 투자, PF)\r\n- 투자 레슨\r\n\r\n한국재무설계에 따르면 종합재무설계를 받을 경우 불필요한 지출이 1/3로 감소하였고 월 평균 저축액은 63만원에서 137만원으로 두 배 가량 증가하는 효과를 가져왔다고 합니다.\r\n\r\n그리고 영국의 Aviva의 설문조사에 따르면 전문적인 금융자문 서비스를 받을 경우 절반에 가까운 사람들이 금융 결정을 하는데 확신을 가지게 되었으며 95%의 사람들이 금융상품에 대한 혼동이 줄었음을 보여주고 있습니다.\r\n\r\n저는 한국재무설계 협회에 소속되어 있으며 자산관리 분야에서 가장 경험이 풍부한 하나증권의 FA로 활동중인 김영주 재무설계사라고 합니다. 기초적인 저축부터 복잡한 절세전략까지 폭넓은 재무 상담을 진행하고 있습니다.\r\n\r\n전문적이고 종합적인 금융 컨설팅을 통해 불안을 확신으로 바꾸는 경험을 해보시길 바랍니다.', '기타', 'invest.png', 1, '2023-05-01', '양소연'),
	(19, 4, '드럼 취미반', '무료특강과 연습실 제공\r\n\r\n믹스보이스 고음발성(휘슬까지 레슨가능), 테크닉, 대중가요발성, 성악발성, 뮤지컬 발성\r\n메이저가수보컬트레이닝경력다수\r\n현기획사 메인 보컬트레이너\r\n\r\n각종 가요제 다수 수상\r\n공중파 음악프로그램 지도\r\n\r\n알아듣기 힘든 [성대접지, 흉성, 두성 등] 두루뭉술한 수업이 아닌 자세한 [입술 앞혀 뒷혀등 근육 움직임의 시범] 으로\r\n바로 알아듣고 노래에 적용가능한 레슨\r\n\r\n발성 특허 진행 중 ', '예체능', 'musicA.png', 1, '2023-04-01', '양소연'),
	(20, 5, '소프라노 성악', '무료특강과 연습실 제공\r\n\r\n믹스보이스 고음발성(휘슬까지 레슨가능), 테크닉, 대중가요발성, 성악발성, 뮤지컬 발성\r\n메이저가수보컬트레이닝경력다수\r\n현기획사 메인 보컬트레이너\r\n\r\n각종 가요제 다수 수상\r\n공중파 음악프로그램 지도\r\n\r\n알아듣기 힘든 [성대접지, 흉성, 두성 등] 두루뭉술한 수업이 아닌 자세한 [입술 앞혀 뒷혀등 근육 움직임의 시범] 으로\r\n바로 알아듣고 노래에 적용가능한 레슨\r\n\r\n발성 특허 진행 중 ', '예체능', 'musicB.png', 1, '2023-04-01', '이승희'),
	(21, 5, '성악 기초', '무료특강과 연습실 제공\r\n\r\n믹스보이스 고음발성(휘슬까지 레슨가능), 테크닉, 대중가요발성, 성악발성, 뮤지컬 발성\r\n메이저가수보컬트레이닝경력다수\r\n현기획사 메인 보컬트레이너\r\n\r\n각종 가요제 다수 수상\r\n공중파 음악프로그램 지도\r\n\r\n알아듣기 힘든 [성대접지, 흉성, 두성 등] 두루뭉술한 수업이 아닌 자세한 [입술 앞혀 뒷혀등 근육 움직임의 시범] 으로\r\n바로 알아듣고 노래에 적용가능한 레슨\r\n\r\n발성 특허 진행 중 ', '예체능', 'musicC.png', 1, '2023-05-01', '이승희'),
	(22, 5, '동남아 완전 정복', '고객은 무조건 편안하고\r\n즐거워야 한다고 생각합니다\r\n이게\r\n제 20년 관광\r\n버스 운행 철학입니다..', '라이프스타일', 'travelA.png', 1, '2023-04-01', '이승희'),
	(23, 5, '종이접기 고급', '안녕하세요 탓츠입니다 :)\r\n\r\n5월 오픈 이벤트 진행중!!\r\n5월 정규 수업 등록 시 주1회/월4번 수업에\r\n+ 1회 무료 추가권 ( 주1회 월4회 -> 주1회 월5번)\r\n6만원 상당의 수업이 무료로 1회 추가 됩니다 기회 잡으세요!!\r\n\r\n[ 클래스 종류 ]\r\n원데이 클래스 : 1시간30분\r\n정규 클래스 : 주1회 , 2회 2시간\r\n키즈 클래스 : 주1회, 2회 1시간 30분\r\n조형 클래스 : 주1회 , 2회 3시간\r\n\r\n조형 클래스는 따로 문의 주세요!\r\n\r\n[ 원데이 클래스 종류 ]\r\n- 핸드빌딩 클래스 / 6만원\r\n흙으로 빚어서 나만의 그릇 만들고 꾸미기\r\n\r\n- 도자 크레파스 클래스 / 5만원\r\n초벌이 된 도자기에 도자기용 크레파스로\r\n그림, 문구를 그려 넣어 세상에 하나뿐인 커스텀 접시 만들기\r\n\r\n- 물레성형 / 7만원\r\n전기 물레로 나만의 도자기 만들기\r\n ', '공예', 'paperArt.png', 1, '2023-04-01', '이승희'),
	(24, 6, '우리아이 훈육', '초등1학년~중등/어린이 청소년 독서 논술 수업.\r\n\r\n다양한 주제의 그림책을 이용하여 신문기사와 다양한 자료를 통한 확장수업이 진행됩니다. 정확한 문장쓰기와 내생각쓰기를 돕는 수업입니다.\r\n\r\n초등1-3학년: 그림책을 이용해 독서의 즐거움을 알고 이야기순서를 이해하며, 질문에 자신만의 답을 찾아가며 자신의 생각을 정리해갑니다\r\n\r\n초등4학년 이상: 본격적인 인문학 수업이 시작됩니다. 가족, 환경 , 공감, 인권, 동물권 등 사회전반에 대해 질문하고 생각하는 수업입니다. 자신 생각을 적는 과정에서 문장과 원고쓰기 등 첨삭이 완료됩니다\r\n\r\n중학생들 역시 사회전반 인문학 /철학 수업으로 진행하여 배경지식을 요하는 어린이 청소년에게 반드시 필요한 수업으로 진행합니다\r\n\r\n수업방식은 선택할수 있어요\r\n1)교실로 학생이 오는 경우 (제주도 제주시)\r\n2)온라인 화상수업(제주시 외 타지역)\r\n3)별도 장소에서 수업(제주시인경우) ', '기타', 'child.png', 1, '2023-04-01', '정성현'),
	(25, 6, 'K-pop 댄스 ', '무료특강과 연습실 제공\r\n\r\n믹스보이스 고음발성(휘슬까지 레슨가능), 테크닉, 대중가요발성, 성악발성, 뮤지컬 발성\r\n메이저가수보컬트레이닝경력다수\r\n현기획사 메인 보컬트레이너\r\n\r\n각종 가요제 다수 수상\r\n공중파 음악프로그램 지도\r\n\r\n알아듣기 힘든 [성대접지, 흉성, 두성 등] 두루뭉술한 수업이 아닌 자세한 [입술 앞혀 뒷혀등 근육 움직임의 시범] 으로\r\n바로 알아듣고 노래에 적용가능한 레슨\r\n\r\n발성 특허 진행 중 ', '예체능', 'dance.png', 1, '2023-04-01', '정성현'),
	(26, 6, '스프링 완전 정복', '- 서울대 학/석 졸업\r\n- 외국계 SW회사 재직중\r\n- 4년 경력의 백엔드 개발자\r\n\r\n- 숙명여대, 인하대, 항공대, 광운대, 경남대 등 강의 다수 출강\r\n- 클래스101, 프로그래머스, 베어유 등 온라인 클래스 강사\r\n\r\n 자세한 수업계획서는 프로필 링크의 "홈페이지" 확인해주세요!\r\n 유학생 수업 / Lesson in English is welcomed!\r\n\r\n1 기초강의\r\n1. 파이썬 / Go / Javascript / Rust 기초\r\n2. React 프론트엔드\r\n3. 데이터베이스와 SQL\r\n\r2️응용강의\r\n1. 파이썬 중급 / 고급\r\n2. 파이썬 백엔드 (Django/Flask/FastAPI) / Go 백엔드\r\n3. 데이터사이언스(데이터 수집/분석/시각화, 머신러닝)\r\n- TF-IDF, 토픽 모델링, 네트워크 분석 등\r\n4. 파이썬 웹 크롤링 / 업무 자동화\r\n\r\n3️ 취업대비\r\n1. 개발자 자소서 첨삭, 취업 및 면접 컨설팅\r\n2. 코딩테스트 대비 기초 알고리즘 및 자료구조 + 문제풀이\r\n3. 프론트엔드 / 백엔드 포트폴리오 만들기 ', 'IT', 'codingC.png', 1, '2023-04-01', '정성현'),
	(27, 7, '자바 에이스', '- 서울대 학/석 졸업\r\n- 외국계 SW회사 재직중\r\n- 4년 경력의 백엔드 개발자\r\n\r\n- 숙명여대, 인하대, 항공대, 광운대, 경남대 등 강의 다수 출강\r\n- 클래스101, 프로그래머스, 베어유 등 온라인 클래스 강사\r\n\r\n 자세한 수업계획서는 프로필 링크의 "홈페이지" 확인해주세요!\r\n 유학생 수업 / Lesson in English is welcomed!\r\n\r\n 기초강의\r\n1. 파이썬 / Go / Javascript / Rust 기초\r\n2. React 프론트엔드\r\n3. 데이터베이스와 SQL\r\n\r\n 응용강의\r\n1. 파이썬 중급 / 고급\r\n2. 파이썬 백엔드 (Django/Flask/FastAPI) / Go 백엔드\r\n3. 데이터사이언스(데이터 수집/분석/시각화, 머신러닝)\r\n- TF-IDF, 토픽 모델링, 네트워크 분석 등\r\n4. 파이썬 웹 크롤링 / 업무 자동화\r\n\r\n 취업대비\r\n1. 개발자 자소서 첨삭, 취업 및 면접 컨설팅\r\n2. 코딩테스트 대비 기초 알고리즘 및 자료구조 + 문제풀이\r\n3. 프론트엔드 / 백엔드 포트폴리오 만들기  ', 'IT', 'java.png', 1, '2023-03-01', '한상현'),
	(28, 7, 'C언어 기초', '미국,호주,유럽,일본,뉴질랜드,캐나다,홍콩,싱가포르 등에 거주중인 유학생분들에게 레슨을 해드린 경험이 다수 있구요, 유학생분들이 다닌 대학교를 몇개 뽑자면 듀크, 카네기 멜론, 스탠포드, 위스콘신, 와싱턴, UC버클리, 홍콩과기, 와세다, 호주국립, 하얼빈공업 대학 등이 있습니다. 국내에는 서울대,고려대 등에 다니는 대학생, 대학원생분들을 대상으로도 다수의 레슨 경험이 있습니다. 삼성전자, 삼성sds, LG전자, Sk하이닉스, 현대자동차, 엔씨소프트, 크래프톤, 미국 연구소 등 현업에 종사하는 분들에게도 레슨을 해드린 경험이 있습니다. 최근에는 코딩테스트부터 면접까지 2~3달 정도 레슨을 해드린 고객님께서 외국계 기업과 현대중공업그룹, 삼성 자회사, 카카오 자회사, 케이뱅크에 최종 합격하신 기쁜 사례도 있었구요, 유럽 대학교와 청강대 게임전공 입학 성공한 사례와 카카오, 라인, 넥슨, NCSoft, 11번가 코딩테스트 합격 사례가 있었습니다. 유익하고 재미있는 수업으로 고객님께서 투자하신 시간과 금액 그 이상으로 보답해드릴 수 있도록 책임감을 가지고 최선을 다해 수업해드리겠습니다 ^_^\r\n\r\n[일반적인 레슨 진행 방식]\r\n예습 해오신 내용 중에 중요한 내용만 정리한 PPT자료를 제가 화면 공유를 통해 보여드리면서 함께 보며 대화와 질문,답변을 통해 개념 정리하고 남은 시간은 그날 배운 내용을 모두 체득시켜 드리기위해 고객님 화면을 보며 실습 시간으로 진행됩니다. 동영상 강의같은 주입식 레슨 아니구요, 대화,질문,답변 위주의 진행 방식입니다. 예습 / 복습 / 숙제를 권장드립니다 ^_^\r\n\r\n\r\n* 관련 레슨\r\nC/C++\r\nC#, ASP.NET 6.0\r\nUnity\r\nUnreal\r\nHLSL\r\nHTML/CSS\r\nJavascript\r\nTypescript\r\nReact\r\nNode.js\r\nThree.js\r\nExpress ', 'IT', 'codingD.png', 1, '2023-04-05', '한상현'),
	(29, 6, '사무 회계 정리', '학력) 단국대학교 경영학전공 졸업\r\n\r\n現) KH자산관리법인 자산관리사\r\n現) 하나증권 Financial Adviser\r\n現) 한국FP협회 회원\r\n現) 새로배움터 재테크 강사\r\n現) 종합금융서비스채널 원에스크 운영\r\n\r\n강좌\r\n자산관리를 위한 금융사 사용법-새로배움터\r\n\r\n제공서비스\r\n- 맞춤형 자산배분 포트폴리오 작성\r\n- 목표 기간별 재무 포트폴리오 작성\r\n- 리스크 대비 보험 보장분석\r\n- 상속/증여 절세 상담\r\n\r\n※ 자산관리를 받으시는 분들에게만 제공되는 서비스\r\n- 세무 설계\r\n- 부동산 설계( 부동산 구매, 경매, 투자, PF)\r\n- 투자 레슨\r\n\r\n한국재무설계에 따르면 종합재무설계를 받을 경우 불필요한 지출이 1/3로 감소하였고 월 평균 저축액은 63만원에서 137만원으로 두 배 가량 증가하는 효과를 가져왔다고 합니다.\r\n\r\n그리고 영국의 Aviva의 설문조사에 따르면 전문적인 금융자문 서비스를 받을 경우 절반에 가까운 사람들이 금융 결정을 하는데 확신을 가지게 되었으며 95%의 사람들이 금융상품에 대한 혼동이 줄었음을 보여주고 있습니다.\r\n\r\n저는 한국재무설계 협회에 소속되어 있으며 자산관리 분야에서 가장 경험이 풍부한 하나증권의 FA로 활동중인 김영주 재무설계사라고 합니다. 기초적인 저축부터 복잡한 절세전략까지 폭넓은 재무 상담을 진행하고 있습니다.\r\n\r\n전문적이고 종합적인 금융 컨설팅을 통해 불안을 확신으로 바꾸는 경험을 해보시길 바랍니다.', '사무', 'account.png', 1, '2023-05-10', '정성현'),
	(30, 6, '수수깡 집짓기', '안녕하세요 탓츠입니다 :)\r\n\r\n5월 오픈 이벤트 진행중!!\r\n5월 정규 수업 등록 시 주1회/월4번 수업에\r\n+ 1회 무료 추가권 ( 주1회 월4회 -> 주1회 월5번)\r\n6만원 상당의 수업이 무료로 1회 추가 됩니다 기회 잡으세요!!\r\n\r\n[ 클래스 종류 ]\r\n원데이 클래스 : 1시간30분\r\n정규 클래스 : 주1회 , 2회 2시간\r\n키즈 클래스 : 주1회, 2회 1시간 30분\r\n조형 클래스 : 주1회 , 2회 3시간\r\n\r\n조형 클래스는 따로 문의 주세요!\r\n\r\n[ 원데이 클래스 종류 ]\r\n- 핸드빌딩 클래스 / 6만원\r\n흙으로 빚어서 나만의 그릇 만들고 꾸미기\r\n\r\n- 도자 크레파스 클래스 / 5만원\r\n초벌이 된 도자기에 도자기용 크레파스로\r\n그림, 문구를 그려 넣어 세상에 하나뿐인 커스텀 접시 만들기\r\n\r\n- 물레성형 / 7만원\r\n전기 물레로 나만의 도자기 만들기\r\n ', '공예', 'play.png', 1, '2023-04-01', '정성현'),
	(31, 8, '명상과 함께 요가', '명상은 긴장완화와 스트레스를 줄이는데 도움이 되며 자신의 생각과 감정을 관찰하고 자기 인식을 향상시키는데 도움이 됩니다.\r\n\r\n기운수련은 신체를 조절하는 운동기법으로 에너지를 조절하여 몸과 마음의 건강을 유지하고 기능을 향상시키는데 도움이 됩니다.\r\n\r\n명상과 기운수련은 몸과 마음에 다양한 이점을 제공합니다.\r\n전문가의 도움을 받아 천천히 학습하고 익숙해지면서 연습하는 것이 좋습니다.\r\n\r\n네이버 카페 , 블로그 : 좋은 기운을 만드는 사람들\r\nYouTube : dama qigong ', '예체능', 'yoga.png', 1, '2023-04-01', '해애언'),
	(32, 8, '디자인 입시반', '안녕하세요 9년차 그래픽 및 잡화 일러스트 디자이너 김몽끄 입니다^^\r\n제품디자이너 겸 텍스타일 일러스트 디자이너 입니다.\r\n다른 디자이너들보다 풍부하고 다양한 경험을 바탕으로\r\n깊이 있고 정성스럽게 디자인하여 니즈를 충족시켜드릴 자신 있습니다^^\r\n빠른 작업물을 받아 보실 수 있도록 성실하게 작업에 임하겠습니다.\r\n\r\n감사합니다~!! ', '예체능', 'design.png', 1, '2023-04-01', '해애언'),
	(33, 8, '쉽고 빠른 다이어트', '*필수확인 부탁드려요*\r\n아래의 지역에서 수업 가능합니다.\r\n1. 제니스 아이스링크 (구로구 고척동)\r\n2. 아이스에이지 (영통구 원천동)\r\n\r\nTEAM Twinkles\r\n"빙판위에서는 누구든 빛날 수 있습니다"\r\n\r\n안녕하세요 TEAM Twinkles의 김환진 코치 입니다.\r\n\r\n피겨스케이팅을 시작하려는 모든 분들께 말씀드립니다!\r\n\r\n기본기가 제대로 습득이 되지 않은 상태로 시간이 지나면 추후에 고치고 개선하는데 더 많은 시간과 노력이 들어갑니다.\r\n\r\n그림을 그리다가 수정하는 것도 보람있겠지만, 처음부터 시간이 걸리더라도 한단계씩 천천히 전문적으로 배우시는게 더 효율적입니다.\r\n\r\n궁금하신 점은 편하게 문의바랍니다!\r\n즐거운 피겨스케이팅 되시길 바라겠습니다. ', '라이프스타일', 'diet.png', 1, '2023-05-01', '해애언'),
	(34, 8, '반짝반짝 네일', '명상은 긴장완화와 스트레스를 줄이는데 도움이 되며 자신의 생각과 감정을 관찰하고 자기 인식을 향상시키는데 도움이 됩니다.\r\n\r\n기운수련은 신체를 조절하는 운동기법으로 에너지를 조절하여 몸과 마음의 건강을 유지하고 기능을 향상시키는데 도움이 됩니다.\r\n\r\n명상과 기운수련은 몸과 마음에 다양한 이점을 제공합니다.\r\n전문가의 도움을 받아 천천히 학습하고 익숙해지면서 연습하는 것이 좋습니다.\r\n\r\n네이버 카페 , 블로그 : 좋은 기운을 만드는 사람들\r\nYouTube : dama qigong ', '라이프스타일', 'nail_art.png', 1, '2023-01-30', '해애언'),
	(35, 9, '1:1 필라테스', '명상은 긴장완화와 스트레스를 줄이는데 도움이 되며 자신의 생각과 감정을 관찰하고 자기 인식을 향상시키는데 도움이 됩니다.\r\n\r\n기운수련은 신체를 조절하는 운동기법으로 에너지를 조절하여 몸과 마음의 건강을 유지하고 기능을 향상시키는데 도움이 됩니다.\r\n\r\n명상과 기운수련은 몸과 마음에 다양한 이점을 제공합니다.\r\n전문가의 도움을 받아 천천히 학습하고 익숙해지면서 연습하는 것이 좋습니다.\r\n\r\n네이버 카페 , 블로그 : 좋은 기운을 만드는 사람들\r\nYouTube : dama qigong', '예체능', 'pilat.png', 1, '2023-05-10', '이보라'),
	(36, 10, '시간단축 엑셀', '국내외 프로젝트 진행 경험을 통해 성과 극대화를 추구합니다. 증명된 강사 손연재 입니다. ', '사무', 'excel.png', 1, '2023-03-01', '임창정'),
	(37, 10, '가장쉬운 파이썬', '- 서울대 학/석 졸업\r\n- 외국계 SW회사 재직중\r\n- 4년 경력의 백엔드 개발자\r\n\r\n- 숙명여대, 인하대, 항공대, 광운대, 경남대 등 강의 다수 출강\r\n- 클래스101, 프로그래머스, 베어유 등 온라인 클래스 강사\r\n\r\n 자세한 수업계획서는 프로필 링크의 "홈페이지" 확인해주세요!\r\n 유학생 수업 / Lesson in English is welcomed!\r\n\r\n 기초강의\r\n1. 파이썬 / Go / Javascript / Rust 기초\r\n2. React 프론트엔드\r\n3. 데이터베이스와 SQL\r\n\r\n 응용강의\r\n1. 파이썬 중급 / 고급\r\n2. 파이썬 백엔드 (Django/Flask/FastAPI) / Go 백엔드\r\n3. 데이터사이언스(데이터 수집/분석/시각화, 머신러닝)\r\n- TF-IDF, 토픽 모델링, 네트워크 분석 등\r\n4. 파이썬 웹 크롤링 / 업무 자동화\r\n\r\n 취업대비\r\n1. 개발자 자소서 첨삭, 취업 및 면접 컨설팅\r\n2. 코딩테스트 대비 기초 알고리즘 및 자료구조 + 문제풀이\r\n3. 프론트엔드 / 백엔드 포트폴리오 만들기 ', 'IT', 'computerB.png', 1, '2023-04-01', '임창정'),
	(38, 11, '초간단 야식', '안녕하세요 류스쿠킹스튜디오 입니다.\r\n잠원동에서 쉽고 맛있는 건강한 가정식을 위주로 배우는 프라이빗홈쿠킹클래스 를 운영중입니다.\r\n\r\n코로나로인해 수업을 축소해서 1대1 수업만 하고있습니다. 신부수업.이탈리안.프렌치.중식,일식.한식 .손님초대요리.홈파티요리.와인안주.등등 다양한컨셉으로 메뉴구성해서 배우실수있습니다\r\n\r\n잠원동 동아아파트 가정집에서 프라이빗하게 배우는 홈프라이빗쿠킹클래스입니다\r\n\r\n23년 4월부터 4-6인 그룹 가정식 원데이클래스 모집예정입니다\r\n원데이클래스 수강원하는 분은 편하게 문의주세요\r\n\r\n\r\n\r\n<<4월 원데이클래스 모집중 >>\r\n매주화요일 목요일 10시30분 -\r\n장소 반포역 잠원동 동아아파트\r\n\r\n\r\n\r\n[한식원데이클래스 ]\r\n전복솥밥 미역국 등갈비조림 연근잣샐러드\r\n\r\n[브런치원데이클래스]\r\n단호박스프 ,당근라페샐러드\r\n명란크림파스타, 애플크럼블 ', '라이프스타일', 'eater.png', 1, '2023-05-01', '장동건'),
	(39, 11, '스튜디오 촬영', '프로필 / 모델.배우.프로필 / 스냅 / 웨딩 / 가족사진 등 입소문으로 많이 찾고계십니다\r\n\r\n합성/증명사진/면접사진/영정사진/사원증/굿즈제작/포스터 등 모든 작업 도와드립니다\r\n\r\n핵심은 자연스럽지만 드라마틱한 변화입니다.\r\n비율을 고려하고, 섬세한 라인작업으로 고급스러운 아름다움을 만듭니다.\r\n합성, 삭제 등 까다로운 작업 가능합니다.\r\n\r\n*상세문의 주세요. 일정과 스타일 맞춰드립니다.\r\n항상 찾아주셔서 감사합니다', '라이프스타일', 'studio.png', 1, '2023-05-10', '장동건'),
	(40, 12, '사진 촬영 개념', '프로필 / 모델.배우.프로필 / 스냅 / 웨딩 / 가족사진 등 입소문으로 많이 찾고계십니다\r\n\r\n합성/증명사진/면접사진/영정사진/사원증/굿즈제작/포스터 등 모든 작업 도와드립니다\r\n\r\n핵심은 자연스럽지만 드라마틱한 변화입니다.\r\n비율을 고려하고, 섬세한 라인작업으로 고급스러운 아름다움을 만듭니다.\r\n합성, 삭제 등 까다로운 작업 가능합니다.\r\n\r\n*상세문의 주세요. 일정과 스타일 맞춰드립니다.\r\n항상 찾아주셔서 감사합니다', '라이프스타일', 'photo.png', 1, '2023-04-20', '이동욱'),
	(41, 12, '단기 체력단련', '*필수확인 부탁드려요*\r\n아래의 지역에서 수업 가능합니다.\r\n1. 제니스 아이스링크 (구로구 고척동)\r\n2. 아이스에이지 (영통구 원천동)\r\n\r\nTEAM Twinkles\r\n"빙판위에서는 누구든 빛날 수 있습니다"\r\n\r\n안녕하세요 TEAM Twinkles의 김환진 코치 입니다.\r\n\r\n피겨스케이팅을 시작하려는 모든 분들께 말씀드립니다!\r\n\r\n기본기가 제대로 습득이 되지 않은 상태로 시간이 지나면 추후에 고치고 개선하는데 더 많은 시간과 노력이 들어갑니다.\r\n\r\n그림을 그리다가 수정하는 것도 보람있겠지만, 처음부터 시간이 걸리더라도 한단계씩 천천히 전문적으로 배우시는게 더 효율적입니다.\r\n\r\n궁금하신 점은 편하게 문의바랍니다!\r\n즐거운 피겨스케이팅 되시길 바라겠습니다. ', '예체능', 'health.png', 1, '2023-05-01', '이동욱'),
	(42, 13, '대본 리딩 도전', '♥ 압도적인 1위 수업의 이유!\r\n- 오케이 액팅은 광고를 전혀 하지 않습니다.\r\n1위는 끊임없이 공부하고 연구하여 결과로 증명할 뿐입니다.\r\n오케이 액팅만의 수업으로 프로의 세계에 입성하기를 바랍니다.\r\n제자들의 압도적인 수업 후기, 최상위 수업의 이유!\r\n\r\n- OK! ACTING 선생님 「이 정 원」 입니다.\r\n오케이 액팅은 제자 분들의 목표를 위해서만 존재합니다.\r\n\r\n- 프로를 만드는 전문 수업\r\n높은 수준의 실력을 갖춘 경쟁력있는 진정한 프로를 만들기 위해 수업합니다.\r\n저의 제자들이 전쟁같은 엔터테인먼트 산업의 경쟁 속에서 꼭 승리하기를 바랍니다.\r\n\r\n- 모든 수업은 각각 따로 준비합니다. 따라 수업 정원 이상의 인원은 받지 않습니다.\r\n\r\n★ 2023년 05월 현재 바로 수업 참여 가능한 수업 시간입니다. (실시간 업데이트)\r\n\r\n화: 마감\r\n수: 마감\r\n목: 마감\r\n금: 마감\r\n토: 17시 ', '기타', 'readingB.png', 1, '2023-05-01', '박은빈'),
	(43, 13, '우리아이 이유식', '안녕하세요 류스쿠킹스튜디오 입니다.\r\n잠원동에서 쉽고 맛있는 건강한 가정식을 위주로 배우는 프라이빗홈쿠킹클래스 를 운영중입니다.\r\n\r\n코로나로인해 수업을 축소해서 1대1 수업만 하고있습니다. 신부수업.이탈리안.프렌치.중식,일식.한식 .손님초대요리.홈파티요리.와인안주.등등 다양한컨셉으로 메뉴구성해서 배우실수있습니다\r\n\r\n잠원동 동아아파트 가정집에서 프라이빗하게 배우는 홈프라이빗쿠킹클래스입니다\r\n\r\n23년 4월부터 4-6인 그룹 가정식 원데이클래스 모집예정입니다\r\n원데이클래스 수강원하는 분은 편하게 문의주세요\r\n\r\n\r\n\r\n<<4월 원데이클래스 모집중 >>\r\n매주화요일 목요일 10시30분 -\r\n장소 반포역 잠원동 동아아파트\r\n\r\n\r\n\r\n[한식원데이클래스 ]\r\n전복솥밥 미역국 등갈비조림 연근잣샐러드\r\n\r\n[브런치원데이클래스]\r\n단호박스프 ,당근라페샐러드\r\n명란크림파스타, 애플크럼블 ', '라이프스타일', 'childB.png', 1, '2023-05-10', '박은빈'),
	(44, 14, '연기지도 기초', ' 압도적인 1위 수업의 이유!\r\n- 오케이 액팅은 광고를 전혀 하지 않습니다.\r\n1위는 끊임없이 공부하고 연구하여 결과로 증명할 뿐입니다.\r\n오케이 액팅만의 수업으로 프로의 세계에 입성하기를 바랍니다.\r\n제자들의 압도적인 수업 후기, 최상위 수업의 이유!\r\n\r\n- OK! ACTING 선생님 「이 정 원」 입니다.\r\n오케이 액팅은 제자 분들의 목표를 위해서만 존재합니다.\r\n\r\n- 프로를 만드는 전문 수업\r\n높은 수준의 실력을 갖춘 경쟁력있는 진정한 프로를 만들기 위해 수업합니다.\r\n저의 제자들이 전쟁같은 엔터테인먼트 산업의 경쟁 속에서 꼭 승리하기를 바랍니다.\r\n\r\n- 모든 수업은 각각 따로 준비합니다. 따라 수업 정원 이상의 인원은 받지 않습니다.\r\n\r\n★ 2023년 05월 현재 바로 수업 참여 가능한 수업 시간입니다. (실시간 업데이트)\r\n\r\n화: 마감\r\n수: 마감\r\n목: 마감\r\n금: 마감\r\n토: 17시', '기타', 'playC.png', 1, '2023-04-01', '김태희'),
	(45, 14, 'ajax 완전 정리', '미국,호주,유럽,일본,뉴질랜드,캐나다,홍콩,싱가포르 등에 거주중인 유학생분들에게 레슨을 해드린 경험이 다수 있구요, 유학생분들이 다닌 대학교를 몇개 뽑자면 듀크, 카네기 멜론, 스탠포드, 위스콘신, 와싱턴, UC버클리, 홍콩과기, 와세다, 호주국립, 하얼빈공업 대학 등이 있습니다. 국내에는 서울대,고려대 등에 다니는 대학생, 대학원생분들을 대상으로도 다수의 레슨 경험이 있습니다. 삼성전자, 삼성sds, LG전자, Sk하이닉스, 현대자동차, 엔씨소프트, 크래프톤, 미국 연구소 등 현업에 종사하는 분들에게도 레슨을 해드린 경험이 있습니다. 최근에는 코딩테스트부터 면접까지 2~3달 정도 레슨을 해드린 고객님께서 외국계 기업과 현대중공업그룹, 삼성 자회사, 카카오 자회사, 케이뱅크에 최종 합격하신 기쁜 사례도 있었구요, 유럽 대학교와 청강대 게임전공 입학 성공한 사례와 카카오, 라인, 넥슨, NCSoft, 11번가 코딩테스트 합격 사례가 있었습니다. 유익하고 재미있는 수업으로 고객님께서 투자하신 시간과 금액 그 이상으로 보답해드릴 수 있도록 책임감을 가지고 최선을 다해 수업해드리겠습니다 ^_^\r\n\r\n[일반적인 레슨 진행 방식]\r\n예습 해오신 내용 중에 중요한 내용만 정리한 PPT자료를 제가 화면 공유를 통해 보여드리면서 함께 보며 대화와 질문,답변을 통해 개념 정리하고 남은 시간은 그날 배운 내용을 모두 체득시켜 드리기위해 고객님 화면을 보며 실습 시간으로 진행됩니다. 동영상 강의같은 주입식 레슨 아니구요, 대화,질문,답변 위주의 진행 방식입니다. 예습 / 복습 / 숙제를 권장드립니다 ^_^\r\n\r\n\r\n* 관련 레슨\r\nC/C++\r\nC#, ASP.NET 6.0\r\nUnity\r\nUnreal\r\nHLSL\r\nHTML/CSS\r\nJavascript\r\nTypescript\r\nReact\r\nNode.js\r\nThree.js\r\nExpress\r\nPHP\r\nDart / flutter\r\nRust\r\nRoblox\r\nLua\r\nPython( pandas, tkinter, turtle, pyxel, tacotron 등 )\r\n ', 'IT', 'codingE.png', 1, '2023-05-10', '김태희'),
	(46, 14, '금속 공예', '안녕하세요 탓츠입니다 :)\r\n\r\n5월 오픈 이벤트 진행중!!\r\n5월 정규 수업 등록 시 주1회/월4번 수업에\r\n+ 1회 무료 추가권 ( 주1회 월4회 -> 주1회 월5번)\r\n6만원 상당의 수업이 무료로 1회 추가 됩니다 기회 잡으세요!!\r\n\r\n[ 클래스 종류 ]\r\n원데이 클래스 : 1시간30분\r\n정규 클래스 : 주1회 , 2회 2시간\r\n키즈 클래스 : 주1회, 2회 1시간 30분\r\n조형 클래스 : 주1회 , 2회 3시간\r\n\r\n조형 클래스는 따로 문의 주세요!\r\n\r\n[ 원데이 클래스 종류 ]\r\n- 핸드빌딩 클래스 / 6만원\r\n흙으로 빚어서 나만의 그릇 만들고 꾸미기\r\n\r\n- 도자 크레파스 클래스 / 5만원\r\n초벌이 된 도자기에 도자기용 크레파스로\r\n그림, 문구를 그려 넣어 세상에 하나뿐인 커스텀 접시 만들기\r\n\r\n- 물레성형 / 7만원\r\n전기 물레로 나만의 도자기 만들기\r\n ', '공예', 'artB.png', 1, '2023-04-01', '김태희'),
	(47, 15, '피겨스케이팅 입문', '*필수확인 부탁드려요*\r\n아래의 지역에서 수업 가능합니다.\r\n1. 제니스 아이스링크 (구로구 고척동)\r\n2. 아이스에이지 (영통구 원천동)\r\n\r\nTEAM Twinkles\r\n"빙판위에서는 누구든 빛날 수 있습니다"\r\n\r\n안녕하세요 TEAM Twinkles의 김환진 코치 입니다.\r\n\r\n피겨스케이팅을 시작하려는 모든 분들께 말씀드립니다!\r\n\r\n기본기가 제대로 습득이 되지 않은 상태로 시간이 지나면 추후에 고치고 개선하는데 더 많은 시간과 노력이 들어갑니다.\r\n\r\n그림을 그리다가 수정하는 것도 보람있겠지만, 처음부터 시간이 걸리더라도 한단계씩 천천히 전문적으로 배우시는게 더 효율적입니다.\r\n\r\n궁금하신 점은 편하게 문의바랍니다!\r\n즐거운 피겨스케이팅 되시길 바라겠습니다. ', '예체능', 'skating.png', 1, '2023-05-10', '김연아'),
	(48, 15, '감각있는 디자인', '안녕하세요 9년차 그래픽 및 잡화 일러스트 디자이너 김몽끄 입니다^^\r\n제품디자이너 겸 텍스타일 일러스트 디자이너 입니다.\r\n다른 디자이너들보다 풍부하고 다양한 경험을 바탕으로\r\n깊이 있고 정성스럽게 디자인하여 니즈를 충족시켜드릴 자신 있습니다^^\r\n빠른 작업물을 받아 보실 수 있도록 성실하게 작업에 임하겠습니다.\r\n\r\n감사합니다~!!  ', '예체능', 'designA.png', 1, '2023-04-01', '김연아'),
	(49, 16, '왕초보 영어', '【발음교정/ 오픽/ 토익스피킹/ 비즈니스 / 회화】\r\n- Eugene English는 영어문장을 듣고 단어와 문장, 강세, 에티튜드 하나하나를 다 고쳐나가는 ‘영어 발음 교정 전문’입니다.\r\n\r\n✔ 발음 교정 후, Casual한 지문부터 Formal한 지문까지 읽어나가며 긴 문장에 익숙해지는 훈련을 합니다.\r\n✔ 수강생 개인에 최적화된 수업으로 진행됩니다. 수강생님들의 적극적인 참여 환영합니다.\r\n✔ 수업은 1:1 화상강의로 진행되기 때문에 시간을 절약할 수 있습니다.\r\n* 화상강의는 ZOOM으로 진행.\r\n\r\n【 EUGENE ENGLISH는 학생 여러분들을 1:1로 관리 합니다. 】\r\n- 충분한 상담 후, 학생 개인에 맞춘 CUSTOMIZED 된 프로그램으로 진행합니다.\r\n즉 수강생이 ‘직접’ 설계하는 ‘DESIGN YOUR OWN CURRICULUM’ 시스템입니다.\r\n- 학생이 배워야 하는 단어와 문장을 정확하게 파악하여 내 것으로 만들 수 있도록 구체적인 솔루션을 제공합니다. 사소한 습관과 실수가 없어질 때까지 함께합니다.\r\n- 일상생활 뿐 아니라 프레젠테이션 & 미팅에서도 능숙하게 사용할 수 있도록 롤플레잉을 진행합니다.\r\n\r\n【 Eugene 선생님 약력 】\r\n강의 18년차\r\n북미 중,고교 및 주립대학 15년 생활 & 졸업\r\n커뮤니케이션& 초등교육 전공\r\n미국 초등학교 근무, 실습\r\n공군 통역병 출신\r\n한국 정상어 학원, ‘아발론’ 근무\r\n일본 간서 H 어학원 강의 일본 C-f-flat 공식 Personality\r\n템플스테이 코디네이터\r\n멘부커 수상작 (한강) 에이전트 바바라 지트윅 작가 통역 및 의전\r\n현 의료 통.번역사 ', '라이프스타일', 'english.png', 1, '2023-05-10', '김영철'),
	(50, 16, '효과있는 커뮤니케이션', '초등1학년~중등/어린이 청소년 독서 논술 수업.\r\n\r\n다양한 주제의 그림책을 이용하여 신문기사와 다양한 자료를 통한 확장수업이 진행됩니다. 정확한 문장쓰기와 내생각쓰기를 돕는 수업입니다.\r\n\r\n초등1-3학년: 그림책을 이용해 독서의 즐거움을 알고 이야기순서를 이해하며, 질문에 자신만의 답을 찾아가며 자신의 생각을 정리해갑니다\r\n\r\n초등4학년 이상: 본격적인 인문학 수업이 시작됩니다. 가족, 환경 , 공감, 인권, 동물권 등 사회전반에 대해 질문하고 생각하는 수업입니다. 자신 생각을 적는 과정에서 문장과 원고쓰기 등 첨삭이 완료됩니다\r\n\r\n중학생들 역시 사회전반 인문학 /철학 수업으로 진행하여 배경지식을 요하는 어린이 청소년에게 반드시 필요한 수업으로 진행합니다\r\n\r\n수업방식은 선택할수 있어요\r\n1)교실로 학생이 오는 경우 (제주도 제주시)\r\n2)온라인 화상수업(제주시 외 타지역)\r\n3)별도 장소에서 수업(제주시인경우) ', '라이프스타일', 'communication.png', 1, '2023-05-10', '김영철'),
	(51, 17, '제태크 꿈나무', '학력) 단국대학교 경영학전공 졸업\r\n\r\n) KH자산관리법인 자산관리사\r\n) 하나증권 Financial Adviser\r\n) 한국FP협회 회원\r\n) 새로배움터 재테크 강사\r\n 종합금융서비스채널 원에스크 운영\r\n\r\n강좌\r\n자산관리를 위한 금융사 사용법-새로배움터\r\n\r\n제공서비스\r\n- 맞춤형 자산배분 포트폴리오 작성\r\n- 목표 기간별 재무 포트폴리오 작성\r\n- 리스크 대비 보험 보장분석\r\n- 상속/증여 절세 상담\r\n\r\n※ 자산관리를 받으시는 분들에게만 제공되는 서비스\r\n- 세무 설계\r\n- 부동산 설계( 부동산 구매, 경매, 투자, PF)\r\n- 투자 레슨\r\n\r\n한국재무설계에 따르면 종합재무설계를 받을 경우 불필요한 지출이 1/3로 감소하였고 월 평균 저축액은 63만원에서 137만원으로 두 배 가량 증가하는 효과를 가져왔다고 합니다.\r\n\r\n그리고 영국의 Aviva의 설문조사에 따르면 전문적인 금융자문 서비스를 받을 경우 절반에 가까운 사람들이 금융 결정을 하는데 확신을 가지게 되었으며 95%의 사람들이 금융상품에 대한 혼동이 줄었음을 보여주고 있습니다.\r\n\r\n저는 한국재무설계 협회에 소속되어 있으며 자산관리 분야에서 가장 경험이 풍부한 하나증권의 FA로 활동중인 김영주 재무설계사라고 합니다. 기초적인 저축부터 복잡한 절세전략까지 폭넓은 재무 상담을 진행하고 있습니다.\r\n\r\n전문적이고 종합적인 금융 컨설팅을 통해 불안을 확신으로 바꾸는 경험을 해보시길 바랍니다.', '기타', 'investB.png', 1, '2023-05-10', '손연재'),
	(52, 17, '리듬체조 지도자과정', '압도적인 1위 수업의 이유!\r\n- 오케이 액팅은 광고를 전혀 하지 않습니다.\r\n1위는 끊임없이 공부하고 연구하여 결과로 증명할 뿐입니다.\r\n오케이 액팅만의 수업으로 프로의 세계에 입성하기를 바랍니다.\r\n제자들의 압도적인 수업 후기, 최상위 수업의 이유!\r\n\r\n- OK! ACTING 선생님 「이 정 원」 입니다.\r\n오케이 액팅은 제자 분들의 목표를 위해서만 존재합니다.\r\n\r\n- 프로를 만드는 전문 수업\r\n높은 수준의 실력을 갖춘 경쟁력있는 진정한 프로를 만들기 위해 수업합니다.\r\n저의 제자들이 전쟁같은 엔터테인먼트 산업의 경쟁 속에서 꼭 승리하기를 바랍니다.\r\n\r\n- 모든 수업은 각각 따로 준비합니다. 따라 수업 정원 이상의 인원은 받지 않습니다.\r\n\r\n★ 2023년 05월 현재 바로 수업 참여 가능한 수업 시간입니다. (실시간 업데이트)\r\n\r\n화: 마감\r\n수: 마감\r\n목: 마감\r\n금: 마감\r\n토: 17시 ', '예체능', 'rhythm.png', 1, '2023-05-10', '손연재'),
	(59, 7, '조선 코딩', '최신 기술과 고대의 역사를 결합한 혁신적인 소개글입니다. 이제 저희가 전해드릴 이야기는 조선시대와 코딩의 만남입니다.\r\n\r\n한때 옛 조선시대, 학문과 기술의 진보로 인해 창의적인 발명과 혁신이 일어나던 시기였습니다. 그리고 현대의 코딩 또한 혁신과 창의력이 결합된 도구입니다. 이제 두 개의 세계가 만나게 되었습니다.\r\n\r\n지금 우리는 시대적, 문화적, 기술적 틈을 극복하여, 조선시대의 지혜와 현대의 코딩 기술을 융합한 새로운 시대를 창조하고 있습니다.\r\n\r\n코딩은 마치 현대 사회의 주요 언어와 같습니다. 그리고 이제 우리는 고대 조선의 철학과 학문을 코딩의 세계로 가져오고 있습니다. 과거의 혁신과 현대의 기술을 합치면서 새로운 문화와 창의력이 폭발적으로 발전하고 있습니다.\r\n\r\n조선시대의 문화, 예술, 과학, 철학 등을 코딩으로 표현하면 우리는 과거와 현재, 그리고 미래를 연결하는 다리를 만들어냅니다. 또한 코딩은 문제 해결과 창의적 사고를 통해 더 나은 미래를 설계할 수 있는 도구입니다.\r\n\r\n코딩의 세계에서 우리는 조선시대의 뛰어난 지성과 현대 기술의 진보를 만납니다. 이를 통해 우리는 문화적인 유산을 보존하면서도 현대 사회의 요구에 부합하는 혁신적인 기술을 개발하고 있습니다.\r\n\r\n때로는 전통적인 조선시대의 분위기를 갖춘 코딩 도구를 사용하며, 때로는 현대의 기술과 편리함을 더해 새로운 가능성을 찾아냅니다. 조선시대와 코딩의 만남은 우리에게 무한한 창조와 발전의 기회를 제공합니다.', 'IT', 'chosun.jpg', 1, '2023-05-21', '한상현'),
	(61, 4, '엑셀학교', '필수 툴부터 보고서, 기획서, 이메일 작성법까지\r\n직장인 자기계발 끝판왕!\r\n일잘러의 필수 역량 일센스까지 배울 수 있는\r\n직장인 업무 가이드 최종판!\r\n\r\n엑셀 기초 강좌로 문자, 숫자, 날짜를 입력하는 규칙과 데이터를 빠르게 입력하는 방법을 배울 수 있습니다.\r\n실무에서 필요한 알짜스킬을 알려드립니다.\r\n\r\n시간, 장소 수강자 우선! 1:1 맞춤 강의!\r\n\r\n언제든 편하게 쪽지 주세요!', '기타', '엑셀강의.png', 1, '2023-05-21', '양소연'),
	(62, 4, '하루만에 배우는 DSLR의 모든 것', '인스타그램 핵심인 사진!\r\n\r\n꿈꾸던 색감을 그대로!\r\n실패를 줄이는 사진 촬영법부터 보정까지!\r\n인생샷부터 보정 꿀팁까지! 순간을 기록하는 사진의 모든 것!\r\n\r\n- 피사계 심도\r\n- 화이트 밸런스\r\n- 셔터 스피드\r\n\r\n사진 전문가가 맞춤 강의로 핵심만 콕 집어 알려드립니다!', '예체능', '사진강의.png', 1, '2023-05-21', '양소연'),
	(63, 4, '여행영어 완전정복', '평소 외국 여행 중 영어회화가 부족하다 생각하셨다면 주목해주세요!\r\n단기 속성으로 기본 영어회화를 가르쳐 드립니다.\r\n\r\n영어로 자신있게 말하고 싶으세요?\r\n1:1 레슨으로 빠르고 유쾌하게 학습하세요! \r\n이것보다 쉬운 영어 공부는 없다!\r\n레슨을 예약하고 실력 향상을 목격하세요. 초급부터 고급까지.\r\n수강자 수준 맞춤 강의!\r\n\r\n언제든 편하게 쪽지 주세요!', '기타', '여행영어.png', 1, '2023-05-21', '양소연'),
	(64, 4, '타로의 세계', '타로카드가 어렵게만 느껴지셨던 분들을 위해 준비된 타로강의!\r\n누구보다 실전경험으로 얻은 노하우까지\r\n\r\n탄탄한 기초를 배우시고싶으신 분들!\r\n기초는알지만 실전리딩이 안되시는분들!\r\n실전 리딩을 하고싶으신 분들!\r\n\r\n편하게 쪽지 주세요!', '기타', '타로강의.png', 1, '2023-05-21', '양소연'),
	(65, 4, '테니스동호회 평정하는 필살기', '테니스 동호회를 평정하고 싶은 분들 주목!\r\n쉽고 재있는데 눈에 띄는 실력 향상까지?!\r\n\r\n국내외 대회 경험과 입상 등의 경력을 갖춘 전문가가\r\n체계적인 커리큘럼으로 1:1 레슨을 진행합니다.\r\n\r\n- 정확한 그립법\r\n- Tack-back과 Finish자세\r\n- 강사와의 랠리\r\n- 네트 플레이어\r\n- 서브&스매싱\r\n\r\n개개인의 신체 조건와 운동 신경에 따른 수업 진행을 통해\r\n쉽고 재미있게 테니스를 배울 수 있습니다!\r\n\r\n편하게 쪽지주세요!\r\n', '예체능', '테니스 강의.png', 1, '2023-05-21', '양소연'),
	(66, 4, '하루만에 이모티콘 만들기', '이모티콘을 시작은 하고 싶지만 어디부터 손댈지 모르겠는 분\r\n주목해주세요^^!\r\n\r\n- 이모티콘 제작의 전반적인 과정을 쉽게 알려드립니다.\r\n- 이모티콘 제작의 접근 방식을 익혀 플랫폼과 최신 트렌드에 맞춰 이모티콘을 제작할 수 있습니다.\r\n- 실무에서 사용되는 이모티콘 기획 및 승인 노하우를 배울 수 있습니다.\r\n- 아이패드를 이용해 초심자도 움직이는 이모티콘을 이해하고 제작할 수 있습니다.\r\n\r\n\r\n준비물 :\r\n아이패드 & 애플펜슬\r\n\r\n편하게 연락주세요^^!', '예체능', '하루만에 이모티콘 만들기.png', 1, '2023-05-21', '양소연');
/*!40000 ALTER TABLE `lesson` ENABLE KEYS */;

-- 테이블 samp.message 구조 내보내기
CREATE TABLE IF NOT EXISTS `message` (
  `MESSAGE_NUM` int(11) NOT NULL AUTO_INCREMENT,
  `MESSAGE_ROOM` int(11) NOT NULL,
  `MESSAGE_SEND_ID` varchar(200) NOT NULL,
  `MESSAGE_RECV_ID` varchar(200) NOT NULL,
  `MESSAGE_SEND_TIME` datetime NOT NULL,
  `MESSAGE_READ_TIME` datetime NOT NULL,
  `MESSAGE_CONT` varchar(1000) DEFAULT NULL,
  `MESSAGE_READ_CHK` int(11) NOT NULL,
  PRIMARY KEY (`MESSAGE_NUM`),
  KEY `MESSAGE_SEND_ID_FK` (`MESSAGE_SEND_ID`),
  KEY `MESSAGE_RECV_ID_FK` (`MESSAGE_RECV_ID`),
  CONSTRAINT `MESSAGE_RECV_ID_FK` FOREIGN KEY (`MESSAGE_RECV_ID`) REFERENCES `users` (`USER_ID`) ON DELETE CASCADE ON UPDATE CASCADE,
  CONSTRAINT `MESSAGE_SEND_ID_FK` FOREIGN KEY (`MESSAGE_SEND_ID`) REFERENCES `users` (`USER_ID`) ON DELETE CASCADE ON UPDATE CASCADE
) ENGINE=InnoDB AUTO_INCREMENT=173 DEFAULT CHARSET=utf8mb3 COLLATE=utf8mb3_general_ci;

-- 테이블 데이터 samp.message:~163 rows (대략적) 내보내기
/*!40000 ALTER TABLE `message` DISABLE KEYS */;
INSERT INTO `message` (`MESSAGE_NUM`, `MESSAGE_ROOM`, `MESSAGE_SEND_ID`, `MESSAGE_RECV_ID`, `MESSAGE_SEND_TIME`, `MESSAGE_READ_TIME`, `MESSAGE_CONT`, `MESSAGE_READ_CHK`) VALUES
	(10, 1, 'bykim', 'shlee', '2023-05-21 00:03:34', '2023-05-21 00:03:34', NULL, 1),
	(11, 1, 'bykim', 'shlee', '2023-05-21 00:05:56', '2023-05-21 00:05:56', '안녕하세요 얼마나 수업을 들어야 노래좀 하네 소리를 들을수있나요? 일주일동안 2시간씩하면 금액이 어떻게되는지 견적부탁드려요!', 1),
	(12, 2, 'bykim', 'auhae', '2023-05-21 00:06:29', '2023-05-21 00:06:29', NULL, 1),
	(13, 2, 'bykim', 'auhae', '2023-05-21 00:07:36', '2023-05-21 00:07:36', '네일수업 받고싶은데 비용좀 알려주세요!', 1),
	(14, 3, 'smjang', 'bykim', '2023-05-21 00:14:52', '2023-05-21 00:14:52', NULL, 1),
	(15, 3, 'smjang', 'bykim', '2023-05-21 00:14:59', '2023-05-21 00:14:59', '선생님 2만원이요', 1),
	(16, 3, 'bykim', 'smjang', '2023-05-21 00:15:42', '2023-05-21 00:15:42', '[<@전수일>]2023-05-21[<@강의명>]애완견 목욕[<@/강의명>][<@가격>]20,000 허니페이[<@/가격|버튼>]14[<@/버튼|코드>]3[<@/코드>]0[<@status>]', 1),
	(17, 3, 'bykim', 'smjang', '2023-05-21 00:16:17', '2023-05-21 00:16:17', '이만원으로는 요즘같은 시대에 아무것도 못하지만 싸게해드리는거에요~', 1),
	(18, 2, 'auhae', 'bykim', '2023-05-21 00:17:35', '2023-05-21 00:17:35', '500원', 1),
	(19, 2, 'bykim', 'auhae', '2023-05-21 00:24:42', '2023-05-21 00:24:42', '네 조아요 내일부터 할래요!', 1),
	(20, 1, 'shlee', 'bykim', '2023-05-21 00:26:49', '2023-05-21 00:26:49', '3일이면 충분하셔요! 비용은 하루에 한시간으로 3일이시니까 5만원입니다!', 1),
	(21, 4, 'shjung', 'hmoh', '2023-05-21 21:33:41', '2023-05-21 21:33:41', NULL, 1),
	(22, 5, 'auhae', 'smjang', '2023-05-21 21:38:43', '2023-05-21 21:38:43', NULL, 1),
	(23, 6, 'smjang', 'shhan', '2023-05-21 22:03:32', '2023-05-21 22:03:32', NULL, 1),
	(24, 6, 'smjang', 'shhan', '2023-05-21 22:03:41', '2023-05-21 22:03:41', '자바를 배우고싶어요', 1),
	(25, 6, 'shhan', 'smjang', '2023-05-21 22:04:47', '2023-05-21 22:04:47', '[<@전수일>]2023-05-22[<@강의명>]자바 에이스[<@/강의명>][<@가격>]10,000 허니페이[<@/가격|버튼>]27[<@/버튼|코드>]7[<@/코드>]0[<@status>]', 1),
	(26, 7, 'smjang', 'shlee', '2023-05-21 22:07:01', '2023-05-21 22:07:01', NULL, 1),
	(27, 7, 'smjang', 'shlee', '2023-05-21 22:07:10', '2023-05-21 22:07:10', '저 성악을배우고싶어요', 1),
	(28, 8, 'shhan', 'bykim', '2023-05-21 22:07:31', '2023-05-21 22:07:31', NULL, 1),
	(29, 3, 'smjang', 'bykim', '2023-05-21 22:07:42', '2023-05-21 22:07:42', '토론을 배우고싶어요', 1),
	(30, 7, 'shlee', 'smjang', '2023-05-21 22:07:59', '2023-05-21 22:07:59', '[<@전수일>]2023-05-22[<@강의명>]성악 기초[<@/강의명>][<@가격>]200,000 허니페이[<@/가격|버튼>]21[<@/버튼|코드>]5[<@/코드>]0[<@status>]', 1),
	(31, 7, 'shlee', 'smjang', '2023-05-21 22:08:05', '2023-05-21 22:08:05', '20만원 입니다', 1),
	(32, 3, 'bykim', 'smjang', '2023-05-21 22:08:08', '2023-05-21 22:08:08', '[<@전수일>]2023-05-22[<@강의명>]독서토론[<@/강의명>][<@가격>]10,000,000 허니페이[<@/가격|버튼>]15[<@/버튼|코드>]3[<@/코드>]0[<@status>]', 1),
	(33, 8, 'shhan', 'bykim', '2023-05-21 22:08:11', '2023-05-21 22:08:11', '독서를 잘하고싶어요', 1),
	(34, 3, 'bykim', 'smjang', '2023-05-21 22:08:22', '2023-05-21 22:08:22', '내일부터 평생회원입니다', 1),
	(35, 7, 'shlee', 'smjang', '2023-05-21 22:08:56', '2023-05-21 22:08:56', '[<@전수일>]2023-05-22[<@강의명>]성악 기초[<@/강의명>][<@가격>]5,000,000 허니페이[<@/가격|버튼>]21[<@/버튼|코드>]5[<@/코드>]0[<@status>]', 1),
	(36, 7, 'shlee', 'smjang', '2023-05-21 22:09:03', '2023-05-21 22:09:03', '500으로 바꿨어요', 1),
	(37, 8, 'bykim', 'shhan', '2023-05-21 22:10:33', '2023-05-21 22:10:33', '[<@전수일>]2023-05-22[<@강의명>]독서토론[<@/강의명>][<@가격>]9,500 허니페이[<@/가격|버튼>]15[<@/버튼|코드>]3[<@/코드>]0[<@status>]', 1),
	(38, 7, 'shlee', 'smjang', '2023-05-21 22:11:06', '2023-05-21 22:11:06', '전수 요청합니다', 1),
	(39, 3, 'bykim', 'smjang', '2023-05-21 22:14:04', '2023-05-21 22:14:04', '저는 얼마에 해주시나요', 1),
	(40, 9, 'syyang', 'bykim', '2023-05-21 22:14:18', '2023-05-21 22:14:18', NULL, 1),
	(41, 9, 'syyang', 'bykim', '2023-05-21 22:14:31', '2023-05-21 22:14:31', '안녕하세요.', 1),
	(42, 9, 'syyang', 'bykim', '2023-05-21 22:14:41', '2023-05-21 22:14:41', '도자기 체험 배우고 싶습니다.', 1),
	(43, 9, 'syyang', 'bykim', '2023-05-21 22:14:56', '2023-05-21 22:14:56', '강의 견적 부탁드릴게요', 1),
	(44, 10, 'bykim', 'hmoh', '2023-05-21 22:14:59', '2023-05-21 22:14:59', NULL, 1),
	(45, 11, 'syyang', 'shlee', '2023-05-21 22:15:01', '2023-05-21 22:15:01', NULL, 1),
	(46, 3, 'smjang', 'bykim', '2023-05-21 22:15:04', '2023-05-21 22:15:04', '[<@전수일>]2023-05-23[<@강의명>]컴활 초등학생[<@/강의명>][<@가격>]312,000 허니페이[<@/가격|버튼>]4[<@/버튼|코드>]1[<@/코드>]0[<@status>]', 1),
	(47, 12, 'shjung', 'shlee', '2023-05-21 22:15:11', '2023-05-21 22:15:11', NULL, 1),
	(48, 10, 'bykim', 'hmoh', '2023-05-21 22:15:12', '2023-05-21 22:15:12', '저 심각한 음치인데 얼마까지 가능하세요?', 1),
	(49, 1, 'shlee', 'bykim', '2023-05-21 22:15:15', '2023-05-21 22:15:15', '[<@전수일>]2023-05-25[<@강의명>]소프라노 성악[<@/강의명>][<@가격>]300,000 허니페이[<@/가격|버튼>]20[<@/버튼|코드>]5[<@/코드>]0[<@status>]', 1),
	(50, 7, 'smjang', 'shlee', '2023-05-21 22:15:17', '2023-05-21 22:15:17', '[<@전수일>]2023-05-30[<@강의명>]누구나 쉬운 포토샵[<@/강의명>][<@가격>]312,000 허니페이[<@/가격|버튼>]6[<@/버튼|코드>]1[<@/코드>]0[<@status>]', 1),
	(51, 13, 'shjung', 'shhan', '2023-05-21 22:15:19', '2023-05-21 22:15:19', NULL, 1),
	(52, 11, 'syyang', 'shlee', '2023-05-21 22:15:21', '2023-05-21 22:15:21', '안녕하세요! 성악 배우고 싶습니다.\n견적부탁드릴게요', 1),
	(53, 14, 'syyang', 'shjung', '2023-05-21 22:15:26', '2023-05-21 22:15:26', NULL, 1),
	(54, 14, 'syyang', 'shjung', '2023-05-21 22:15:42', '2023-05-21 22:15:42', '안녕하세요.\n훈육 강의 배우고 싶습니다.', 1),
	(55, 11, 'shlee', 'syyang', '2023-05-21 22:15:43', '2023-05-21 22:15:43', '[<@전수일>]2023-05-24[<@강의명>]소프라노 성악[<@/강의명>][<@가격>]500,000 허니페이[<@/가격|버튼>]20[<@/버튼|코드>]5[<@/코드>]0[<@status>]', 1),
	(56, 9, 'bykim', 'syyang', '2023-05-21 22:15:46', '2023-05-21 22:15:46', '안녕하세요 도자기 컵으로 하시나요 그릇으로 하시나요', 1),
	(57, 14, 'syyang', 'shjung', '2023-05-21 22:15:48', '2023-05-21 22:15:48', '견적 부탁드릴게요', 1),
	(58, 9, 'bykim', 'syyang', '2023-05-21 22:16:02', '2023-05-21 22:16:02', '컵은 3만원 그릇은 5만원입니다', 1),
	(59, 15, 'syyang', 'smjang', '2023-05-21 22:16:03', '2023-05-21 22:16:03', NULL, 1),
	(60, 3, 'bykim', 'smjang', '2023-05-21 22:16:23', '2023-05-21 22:16:23', '좀 비싸요', 1),
	(61, 15, 'syyang', 'smjang', '2023-05-21 22:16:28', '2023-05-21 22:16:28', '안녕하세요.\n컴퓨터 성인도 알려주시나요?', 1),
	(62, 15, 'syyang', 'smjang', '2023-05-21 22:16:37', '2023-05-21 22:16:37', '가능하다면 견적 부탁드릴게요', 1),
	(63, 1, 'bykim', 'shlee', '2023-05-21 22:16:54', '2023-05-21 22:16:54', '아니 위에는 5만원이라면서요..!', 1),
	(64, 1, 'shlee', 'bykim', '2023-05-21 22:17:13', '2023-05-21 22:17:13', '아 네', 1),
	(65, 1, 'shlee', 'bykim', '2023-05-21 22:17:19', '2023-05-21 22:17:19', '착각했어요..', 1),
	(66, 15, 'smjang', 'syyang', '2023-05-21 22:17:24', '2023-05-21 22:17:24', '드럼취미를 갖고싶어요', 1),
	(67, 1, 'shlee', 'bykim', '2023-05-21 22:17:29', '2023-05-21 22:17:29', '[<@전수일>]2023-05-24[<@강의명>]소프라노 성악[<@/강의명>][<@가격>]50,000 허니페이[<@/가격|버튼>]20[<@/버튼|코드>]5[<@/코드>]0[<@status>]', 1),
	(68, 9, 'bykim', 'syyang', '2023-05-21 22:17:48', '2023-05-21 22:17:48', '저 선물함 도자기 담을때 쓰려는데 얼마까지 가능한가요?', 1),
	(69, 15, 'syyang', 'smjang', '2023-05-21 22:17:53', '2023-05-21 22:17:53', '[<@전수일>]2023-05-27[<@강의명>]드럼 취미반[<@/강의명>][<@가격>]150,000 허니페이[<@/가격|버튼>]19[<@/버튼|코드>]4[<@/코드>]0[<@status>]', 1),
	(70, 1, 'bykim', 'shlee', '2023-05-21 22:18:14', '2023-05-21 22:18:14', '그쵸? 다행이다', 1),
	(71, 15, 'syyang', 'smjang', '2023-05-21 22:18:16', '2023-05-21 22:18:16', '견적 금액 보내드렸습니다.\n확인 부탁드립니다^^', 1),
	(72, 15, 'syyang', 'smjang', '2023-05-21 22:19:22', '2023-05-21 22:19:22', '[<@전수일>]2023-05-25[<@강의명>]드럼 취미반[<@/강의명>][<@가격>]7,000,000 허니페이[<@/가격|버튼>]19[<@/버튼|코드>]4[<@/코드>]0[<@status>]', 1),
	(73, 1, 'shlee', 'bykim', '2023-05-21 22:19:31', '2023-05-21 22:19:31', '넵 그럼요', 1),
	(74, 15, 'syyang', 'smjang', '2023-05-21 22:19:51', '2023-05-21 22:19:51', '견적 다시 보내드립니다. 혼란을 드려 죄송합니다.', 1),
	(75, 3, 'smjang', 'bykim', '2023-05-21 22:19:52', '2023-05-21 22:19:52', '전 천만원짜리도 들었는데요?', 1),
	(76, 1, 'shlee', 'bykim', '2023-05-21 22:19:53', '2023-05-21 22:19:53', '제가 5만원이라고 말씀드렸는데 다른 잘가 수갱자뷴이랑 헷갈렸어요..', 1),
	(77, 1, 'shlee', 'bykim', '2023-05-21 22:20:04', '2023-05-21 22:20:04', '장기 수강자요..', 1),
	(78, 9, 'syyang', 'bykim', '2023-05-21 22:20:38', '2023-05-21 22:20:38', '저 5만원으로 할게요. 선물함이면 기왕이면 좋은걸루 하고싶어서요^^', 1),
	(79, 1, 'shlee', 'bykim', '2023-05-21 22:20:39', '2023-05-21 22:20:39', '저 그런데', 1),
	(80, 1, 'shlee', 'bykim', '2023-05-21 22:20:46', '2023-05-21 22:20:46', '목공예 배우려는데요', 1),
	(81, 1, 'bykim', 'shlee', '2023-05-21 22:20:54', '2023-05-21 22:20:54', '그랬군요 소프라노 잘 부탁드려요!', 1),
	(82, 1, 'shlee', 'bykim', '2023-05-21 22:20:56', '2023-05-21 22:20:56', '견적이 어떻게 될까요..?', 1),
	(83, 1, 'bykim', 'shlee', '2023-05-21 22:21:01', '2023-05-21 22:21:01', 'ㅋㅋㅋㅋㅋㅋㅋㅋㅋㅋㅋㅋㅋㅋ', 1),
	(84, 1, 'bykim', 'shlee', '2023-05-21 22:21:09', '2023-05-21 22:21:09', '아 목공예요?', 1),
	(85, 6, 'smjang', 'shhan', '2023-05-21 22:21:16', '2023-05-21 22:21:16', '조선코딩은 대체뭐죠?', 1),
	(86, 1, 'bykim', 'shlee', '2023-05-21 22:21:22', '2023-05-21 22:21:22', '특별히 제 선생님이시니까 저렴하게 해드릴께요', 1),
	(87, 1, 'shlee', 'bykim', '2023-05-21 22:21:23', '2023-05-21 22:21:23', '넵', 1),
	(88, 6, 'smjang', 'shhan', '2023-05-21 22:21:28', '2023-05-21 22:21:28', '궁금해서 들어볼래요 가격이 얼만가요?', 1),
	(89, 1, 'shlee', 'bykim', '2023-05-21 22:21:31', '2023-05-21 22:21:31', '그리고 제 견적서 수락 눌러주시면 돼요', 1),
	(90, 1, 'bykim', 'shlee', '2023-05-21 22:21:35', '2023-05-21 22:21:35', '[<@전수일>]2023-05-22[<@강의명>]뚝딱뚝딱 목공예[<@/강의명>][<@가격>]100,000 허니페이[<@/가격|버튼>]13[<@/버튼|코드>]3[<@/코드>]0[<@status>]', 1),
	(91, 1, 'shlee', 'bykim', '2023-05-21 22:21:41', '2023-05-21 22:21:41', 'ㅋㅋㅋㅋㅋㅋㅋㅋㅋㅋㅋ', 1),
	(92, 9, 'syyang', 'bykim', '2023-05-21 22:21:43', '2023-05-21 22:21:43', '견적서 부탁합니당~', 1),
	(93, 1, 'bykim', 'shlee', '2023-05-21 22:21:50', '2023-05-21 22:21:50', '넵 했습니다!', 1),
	(94, 1, 'shlee', 'bykim', '2023-05-21 22:21:53', '2023-05-21 22:21:53', '저렴하네요!', 1),
	(95, 1, 'shlee', 'bykim', '2023-05-21 22:22:00', '2023-05-21 22:22:00', '감사합니다!', 1),
	(96, 6, 'shhan', 'smjang', '2023-05-21 22:22:22', '2023-05-21 22:22:22', '[<@전수일>]2023-05-23[<@강의명>]조선 코딩[<@/강의명>][<@가격>]9,990,000 허니페이[<@/가격|버튼>]59[<@/버튼|코드>]7[<@/코드>]0[<@status>]', 1),
	(97, 9, 'bykim', 'syyang', '2023-05-21 22:22:47', '2023-05-21 22:22:47', '[<@전수일>]2023-05-22[<@강의명>]도자기 체험[<@/강의명>][<@가격>]50,000 허니페이[<@/가격|버튼>]12[<@/버튼|코드>]3[<@/코드>]0[<@status>]', 1),
	(98, 16, 'syyang', 'shhan', '2023-05-21 22:22:56', '2023-05-21 22:22:56', NULL, 1),
	(99, 9, 'bykim', 'syyang', '2023-05-21 22:23:10', '2023-05-21 22:23:10', '네 감사합니다^^ 서로 좋은제품 만들어봐요!', 1),
	(100, 16, 'syyang', 'shhan', '2023-05-21 22:23:14', '2023-05-21 22:23:14', '강의 듣고 싶습니다. 견적 요청드릴게요', 1),
	(101, 1, 'bykim', 'shlee', '2023-05-21 22:23:36', '2023-05-21 22:23:36', '감사합니다!', 1),
	(102, 9, 'syyang', 'bykim', '2023-05-21 22:23:48', '2023-05-21 22:23:48', '감사합니다! 너무 기대되어요~', 1),
	(103, 16, 'shhan', 'syyang', '2023-05-21 22:23:55', '2023-05-21 22:23:55', '[<@전수일>]2023-05-22[<@강의명>]C언어 기초[<@/강의명>][<@가격>]50,000 허니페이[<@/가격|버튼>]28[<@/버튼|코드>]7[<@/코드>]0[<@status>]', 1),
	(104, 3, 'bykim', 'smjang', '2023-05-21 22:24:30', '2023-05-21 22:24:30', '흠 이번만 수락할께요', 1),
	(105, 17, 'shhan', 'auhae', '2023-05-21 22:24:32', '2023-05-21 22:24:32', NULL, 1),
	(106, 17, 'shhan', 'auhae', '2023-05-21 22:24:37', '2023-05-21 22:24:37', '배우고싶어요', 1),
	(107, 15, 'syyang', 'smjang', '2023-05-21 22:26:22', '2023-05-21 22:26:22', '누구나 쉬운 포토샵 금액 견적 요청드립니다.', 1),
	(108, 15, 'smjang', 'syyang', '2023-05-21 22:31:08', '2023-05-21 22:31:08', '[<@전수일>]2023-05-22[<@강의명>]누구나 쉬운 포토샵[<@/강의명>][<@가격>]312,000 허니페이[<@/가격|버튼>]6[<@/버튼|코드>]1[<@/코드>]0[<@status>]', 1),
	(109, 15, 'smjang', 'syyang', '2023-05-21 22:31:12', '2023-05-21 22:31:12', '저렴하죠??', 1),
	(110, 14, 'shjung', 'syyang', '2023-05-21 22:31:54', '2023-05-21 22:31:54', '[<@전수일>]2023-05-22[<@강의명>]우리아이 훈육[<@/강의명>][<@가격>]1,300,000 허니페이[<@/가격|버튼>]24[<@/버튼|코드>]6[<@/코드>]0[<@status>]', 1),
	(111, 9, 'syyang', 'bykim', '2023-05-21 22:33:46', '2023-05-21 22:33:46', '독서토론 견적서 요청드려요~!', 1),
	(112, 18, 'smjang', 'shjung', '2023-05-21 22:34:16', '2023-05-21 22:34:16', NULL, 1),
	(113, 18, 'smjang', 'shjung', '2023-05-21 22:34:25', '2023-05-21 22:34:25', '성현님 K팝땐스가 너무배우고싶어요', 1),
	(114, 15, 'syyang', 'smjang', '2023-05-21 22:34:35', '2023-05-21 22:34:35', '네넹~!!', 1),
	(115, 18, 'shjung', 'smjang', '2023-05-21 22:35:22', '2023-05-21 22:35:22', '[<@전수일>]2023-05-22[<@강의명>]K-pop 댄스 [<@/강의명>][<@가격>]3,000,000 허니페이[<@/가격|버튼>]25[<@/버튼|코드>]6[<@/코드>]0[<@status>]', 1),
	(116, 19, 'syyang', 'hmoh', '2023-05-21 22:35:43', '2023-05-21 22:35:43', NULL, 1),
	(117, 9, 'bykim', 'syyang', '2023-05-21 22:35:53', '2023-05-21 22:35:53', '[<@전수일>]2023-05-22[<@강의명>]독서토론[<@/강의명>][<@가격>]20,000 허니페이[<@/가격|버튼>]15[<@/버튼|코드>]3[<@/코드>]0[<@status>]', 1),
	(118, 19, 'syyang', 'hmoh', '2023-05-21 22:35:56', '2023-05-21 22:35:56', '음치탈출 견적서 요청드립니다.', 1),
	(119, 9, 'bykim', 'syyang', '2023-05-21 22:36:08', '2023-05-21 22:36:08', '금액 수정원하시면 말씀해주세용~', 1),
	(120, 9, 'syyang', 'bykim', '2023-05-21 22:36:40', '2023-05-21 22:36:40', '네넵!!', 1),
	(121, 14, 'syyang', 'shjung', '2023-05-21 22:37:22', '2023-05-21 22:37:22', 'k-pop댄스 강의 견적서 요청드립니다.', 1),
	(122, 20, 'hmoh', 'shhan', '2023-05-21 22:37:30', '2023-05-21 22:37:30', NULL, 1),
	(123, 14, 'shjung', 'syyang', '2023-05-21 22:38:21', '2023-05-21 22:38:21', '[<@전수일>]2023-05-22[<@강의명>]K-pop 댄스 [<@/강의명>][<@가격>]300,000 허니페이[<@/가격|버튼>]25[<@/버튼|코드>]6[<@/코드>]0[<@status>]', 1),
	(124, 10, 'bykim', 'hmoh', '2023-05-21 22:38:30', '2023-05-21 22:38:30', '똑똑', 1),
	(125, 10, 'bykim', 'hmoh', '2023-05-21 22:38:42', '2023-05-21 22:38:42', '운영 안하시나요?', 1),
	(126, 10, 'hmoh', 'bykim', '2023-05-21 22:39:20', '2023-05-21 22:39:20', 'ㅋㅋㅋㅋㅋ', 1),
	(127, 10, 'hmoh', 'bykim', '2023-05-21 22:40:17', '2023-05-21 22:40:17', '[<@전수일>]2023-05-23[<@강의명>]음치탈출[<@/강의명>][<@가격>]100,000 허니페이[<@/가격|버튼>]10[<@/버튼|코드>]2[<@/코드>]0[<@status>]', 1),
	(128, 9, 'bykim', 'syyang', '2023-05-21 22:40:19', '2023-05-21 22:40:19', '선물함은 금액이 어떻게 되나요??', 1),
	(129, 10, 'bykim', 'hmoh', '2023-05-21 22:40:38', '2023-05-21 22:40:38', '생각해보니까', 1),
	(130, 10, 'bykim', 'hmoh', '2023-05-21 22:40:49', '2023-05-21 22:40:49', '23일은 어려울거같구요', 1),
	(131, 10, 'bykim', 'hmoh', '2023-05-21 22:40:58', '2023-05-21 22:40:58', '8만원으로 안될까요?', 1),
	(132, 10, 'bykim', 'hmoh', '2023-05-21 22:41:04', '2023-05-21 22:41:04', '24일부터 가능요', 1),
	(133, 17, 'auhae', 'shhan', '2023-05-21 22:43:04', '2023-05-21 22:43:04', '[<@전수일>]2023-05-23[<@강의명>]디자인 입시반[<@/강의명>][<@가격>]1,000,000 허니페이[<@/가격|버튼>]32[<@/버튼|코드>]8[<@/코드>]0[<@status>]', 1),
	(134, 5, 'auhae', 'smjang', '2023-05-21 22:43:16', '2023-05-21 22:43:16', '제 강의 들으세요', 1),
	(135, 2, 'auhae', 'bykim', '2023-05-21 22:43:34', '2023-05-21 22:43:34', '[<@전수일>]2023-05-22[<@강의명>]반짝반짝 네일[<@/강의명>][<@가격>]1,000,000 허니페이[<@/가격|버튼>]34[<@/버튼|코드>]8[<@/코드>]0[<@status>]', 1),
	(136, 10, 'hmoh', 'bykim', '2023-05-21 22:44:22', '2023-05-21 22:44:22', 'ㅋㅋㅋㅋㅋㅋㅋㅋㅋ', 1),
	(137, 10, 'hmoh', 'bykim', '2023-05-21 22:44:32', '2023-05-21 22:44:32', '[<@전수일>]2023-05-24[<@강의명>]음치탈출[<@/강의명>][<@가격>]110,000 허니페이[<@/가격|버튼>]10[<@/버튼|코드>]2[<@/코드>]0[<@status>]', 1),
	(138, 10, 'hmoh', 'bykim', '2023-05-21 22:44:37', '2023-05-21 22:44:37', '만원 더받을래요 그럼', 1),
	(139, 19, 'hmoh', 'syyang', '2023-05-21 22:44:49', '2023-05-21 22:44:49', '[<@전수일>]2023-05-23[<@강의명>]음치탈출[<@/강의명>][<@가격>]55,000 허니페이[<@/가격|버튼>]10[<@/버튼|코드>]2[<@/코드>]0[<@status>]', 1),
	(140, 19, 'hmoh', 'syyang', '2023-05-21 22:44:56', '2023-05-21 22:44:56', '견적 회신드립니다 감사합니다!', 1),
	(141, 9, 'syyang', 'bykim', '2023-05-21 22:46:41', '2023-05-21 22:46:41', '중 35000원, 대 50000원 입니다.^^', 1),
	(142, 11, 'syyang', 'shlee', '2023-05-21 22:48:15', '2023-05-21 22:48:15', '종이접기 고급 견적서 요청드립니다.', 1),
	(143, 11, 'shlee', 'syyang', '2023-05-22 09:07:18', '2023-05-22 09:07:18', '[<@전수일>]2023-05-23[<@강의명>]종이접기 고급[<@/강의명>][<@가격>]30,000 허니페이[<@/가격|버튼>]23[<@/버튼|코드>]5[<@/코드>]0[<@status>]', 1),
	(144, 5, 'smjang', 'auhae', '2023-05-22 09:08:55', '2023-05-22 09:08:55', '[<@전수일>]2023-05-23[<@강의명>]보고서 작성 기초[<@/강의명>][<@가격>]312,000 허니페이[<@/가격|버튼>]1[<@/버튼|코드>]1[<@/코드>]0[<@status>]', 0),
	(145, 21, 'smjang', 'hmoh', '2023-05-22 09:36:10', '2023-05-22 09:36:10', NULL, 1),
	(146, 21, 'smjang', 'hmoh', '2023-05-22 09:36:20', '2023-05-22 09:36:20', '평점이 왜2점이시죠?', 1),
	(147, 21, 'hmoh', 'smjang', '2023-05-22 09:37:02', '2023-05-22 09:37:02', '[<@전수일>]2023-05-24[<@강의명>]기념일별 선물 추천 / 포장꿀TIP![<@/강의명>][<@가격>]10,000,000 허니페이[<@/가격|버튼>]8[<@/버튼|코드>]2[<@/코드>]0[<@status>]', 1),
	(148, 20, 'shhan', 'hmoh', '2023-05-22 09:37:02', '2023-05-22 09:37:02', '한번 들어보고 싶어요', 1),
	(149, 20, 'hmoh', 'shhan', '2023-05-22 09:37:16', '2023-05-22 09:37:16', '[<@전수일>]2023-06-01[<@강의명>]자바 첫걸음[<@/강의명>][<@가격>]1,000,000 허니페이[<@/가격|버튼>]9[<@/버튼|코드>]2[<@/코드>]0[<@status>]', 1),
	(150, 15, 'smjang', 'syyang', '2023-05-22 09:37:45', '2023-05-22 09:37:45', '이거 배우면 저도 사진 잘찍을수 있나요??', 1),
	(151, 15, 'syyang', 'smjang', '2023-05-22 09:38:31', '2023-05-22 09:38:31', '네넵 당연하죠 견적서 보내드릴까요?', 1),
	(152, 15, 'syyang', 'smjang', '2023-05-22 09:39:17', '2023-05-22 09:39:17', '답이 없으시네요. 일단 일반적인 견적서 보내드릴게요', 1),
	(153, 15, 'syyang', 'smjang', '2023-05-22 09:39:38', '2023-05-22 09:39:38', '[<@전수일>]2023-05-23[<@강의명>]하루만에 배우는 DSLR의 모든 것[<@/강의명>][<@가격>]3,000,000 허니페이[<@/가격|버튼>]62[<@/버튼|코드>]4[<@/코드>]0[<@status>]', 1),
	(154, 9, 'syyang', 'bykim', '2023-05-22 09:49:05', '2023-05-22 09:49:05', '애완견 목욕 견적서 요청드립니다', 1),
	(155, 9, 'bykim', 'syyang', '2023-05-22 09:49:29', '2023-05-22 09:49:29', '[<@전수일>]2023-05-23[<@강의명>]애완견 목욕[<@/강의명>][<@가격>]40,000 허니페이[<@/가격|버튼>]14[<@/버튼|코드>]3[<@/코드>]0[<@status>]', 1),
	(156, 16, 'syyang', 'shhan', '2023-05-22 09:49:55', '2023-05-22 09:49:55', '안녕하세요\n견적서 요청드립니다.', 1),
	(157, 22, 'shlee', 'hmoh', '2023-05-22 09:50:06', '2023-05-22 09:50:06', NULL, 1),
	(158, 9, 'bykim', 'syyang', '2023-05-22 09:50:12', '2023-05-22 09:50:12', '[<@전수일>]2023-05-23[<@강의명>]뚝딱뚝딱 목공예[<@/강의명>][<@가격>]50,000 허니페이[<@/가격|버튼>]13[<@/버튼|코드>]3[<@/코드>]0[<@status>]', 1),
	(159, 9, 'bykim', 'syyang', '2023-05-22 09:50:26', '2023-05-22 09:50:26', '수락해주시면됩니당!', 1),
	(160, 22, 'shlee', 'hmoh', '2023-05-22 09:50:27', '2023-05-22 09:50:27', '[<@전수일>]2023-05-24[<@강의명>]소프라노 성악[<@/강의명>][<@가격>]300,000 허니페이[<@/가격|버튼>]20[<@/버튼|코드>]5[<@/코드>]0[<@status>]', 1),
	(161, 22, 'shlee', 'hmoh', '2023-05-22 09:50:37', '2023-05-22 09:50:37', '견적입니다', 1),
	(162, 22, 'hmoh', 'shlee', '2023-05-22 09:51:08', '2023-05-22 09:51:08', '잘부탁드려용', 1),
	(163, 2, 'bykim', 'auhae', '2023-05-22 09:51:21', '2023-05-22 09:51:21', '아니 500원이라더니 2000배가 올랐어요', 0),
	(164, 11, 'syyang', 'shlee', '2023-05-22 09:51:50', '2023-05-22 09:51:50', '안녕하세요.\n성악기초 견적서 요청드립니다', 1),
	(165, 11, 'shlee', 'syyang', '2023-05-22 09:52:16', '2023-05-22 09:52:16', '[<@전수일>]2023-05-24[<@강의명>]성악 기초[<@/강의명>][<@가격>]300,000 허니페이[<@/가격|버튼>]21[<@/버튼|코드>]5[<@/코드>]0[<@status>]', 1),
	(166, 11, 'shlee', 'syyang', '2023-05-22 09:52:24', '2023-05-22 09:52:24', '견적입니다', 1),
	(167, 16, 'shhan', 'syyang', '2023-05-22 09:53:37', '2023-05-22 09:53:37', '[<@전수일>]2023-05-23[<@강의명>]자바 에이스[<@/강의명>][<@가격>]500,000 허니페이[<@/가격|버튼>]27[<@/버튼|코드>]7[<@/코드>]0[<@status>]', 1),
	(168, 22, 'shlee', 'hmoh', '2023-05-22 09:53:58', '2023-05-22 09:53:58', '전수 요청합니당', 1),
	(169, 13, 'shhan', 'shjung', '2023-05-22 09:54:04', '2023-05-22 09:54:04', '듣고싶어요', 0),
	(170, 22, 'hmoh', 'shlee', '2023-05-22 09:55:48', '2023-05-22 09:55:48', '[<@전수일>]2023-05-25[<@강의명>]음치탈출[<@/강의명>][<@가격>]500,000 허니페이[<@/가격|버튼>]10[<@/버튼|코드>]2[<@/코드>]0[<@status>]', 1),
	(171, 3, 'smjang', 'bykim', '2023-05-22 10:04:52', '2023-05-22 10:04:52', '[<@전수일>]2023-05-23[<@강의명>]보고서 작성 기초[<@/강의명>][<@가격>]312,000 허니페이[<@/가격|버튼>]1[<@/버튼|코드>]1[<@/코드>]0[<@status>]', 1),
	(172, 15, 'smjang', 'syyang', '2023-05-22 10:06:31', '2023-05-22 10:06:31', '[<@전수일>]2023-05-23[<@강의명>]컴활 초등학생[<@/강의명>][<@가격>]312,000 허니페이[<@/가격|버튼>]4[<@/버튼|코드>]1[<@/코드>]0[<@status>]', 1);
/*!40000 ALTER TABLE `message` ENABLE KEYS */;

-- 테이블 samp.notice 구조 내보내기
CREATE TABLE IF NOT EXISTS `notice` (
  `NOTICE_NUM` int(11) NOT NULL AUTO_INCREMENT,
  `NOTICE_TITLE` varchar(800) NOT NULL,
  `NOTICE_CONT` varchar(3500) NOT NULL,
  `NOTICE_DATE` date DEFAULT curdate(),
  `NOTICE_READCOUNT` int(11) NOT NULL,
  `NOTICE_PIN` int(11) DEFAULT 0,
  PRIMARY KEY (`NOTICE_NUM`)
) ENGINE=InnoDB AUTO_INCREMENT=35 DEFAULT CHARSET=utf8mb3 COLLATE=utf8mb3_general_ci;

-- 테이블 데이터 samp.notice:~23 rows (대략적) 내보내기
/*!40000 ALTER TABLE `notice` DISABLE KEYS */;
INSERT INTO `notice` (`NOTICE_NUM`, `NOTICE_TITLE`, `NOTICE_CONT`, `NOTICE_DATE`, `NOTICE_READCOUNT`, `NOTICE_PIN`) VALUES
	(7, '[23.04.25]본인인증 방식 변경', '\r\n개인정보 처리방침 및 이용약관에 따라 본인인증 방식이 변경되었습니다.\r\n\r\n\r\n중복가입 및 인증번호 미수신 등으로 일어날 수 있는 사용자 식별 문제를 방지하고, \r\n\r\n가입 과정에서 본인임을 확인 후 진행할 수 있도록 보안을 한층 더 강화하고자,\r\n\r\n기존 문자인증 방식에서 휴대전화 번호 본인인증(PASS인증) 방식으로 변경되었습니다.\r\n\r\n* PASS인증 방식은 국내 통신사의 정보와 매칭하여 본인 여부를 판별하는 방식으로, 문자인증보다 더 정확한 본인 확인이 가능합니다.\r\n\r\n \r\n\r\n신규 회원 : 회원가입 시 본인인증 방식으로 변경\r\n\r\n기존 회원 : 최초 로그인 시 본인인증 1회 진행하여 인증정보 업데이트 \r\n\r\n \r\n\r\n인증 방식이 변경됨에 따라 반드시 본인 명의의 휴대전화 번호로 본인인증을 완료해야 하며\r\n본인인증 후에는 인증정보를 삭제하거나, 타인 명의의 휴대전화 번호로 변경할 수 없습니다.', '2023-05-08', 89, 1),
	(8, '[23.04.14]문 설치 및 수리 및 수도 관련 설치 및 수리 서비스 검증절차 변경 안내', '\r\n	\r\n	\r\n	서비스 운영 정책이 변경되어 다음 서비스 고수로 활동하기 위해서는 사업자등록증을 필수로 등록해야 합니다.\r\n\r\n본 정책은 2023년 5월 3일부터 적용되며, 미 등록 시 해당 서비스의 고수로 활동할 수 없게 됩니다.\r\n\r\n[ 변경 예정 서비스 목록 ]\r\n\r\n■ 홈/리빙 > 문/창문 > 문 설치 및 수리\r\n■ 홈/리빙 > 수도/보일러/전기 > 수도 관련 설치 및 수리\r\n\r\n \r\n\r\n위 두 서비스 분야의 고수로 활동하기 위해서는 사업자등록증을 반드시 등록해야 합니다.\r\n\r\n사업자등록증은 프로필 > 사업자등록증 > 등록하기를 통해 등록할 수 있습니다.\r\n(관련 사업자등록증이 없는 경우 발급 후 등록해주세요)\r\n\r\n*관련 법령에 따라 필요한 사업자등록증/자격증은 추가되거나 변경될 수 있습니다.\r\n\r\n해당 서비스를 제공중인 고수님들께는 4월 19일(수) 개별 메세지를 통해 안내드릴 예정이니 참고 부탁드립니다.\r\n \r\n\r\n사업자등록증에 관한 자세한 안내는 아래 게시물을 참고해 주세요.\r\n	\r\n	\r\n	\r\n	\r\n	\r\n', '2023-05-08', 124, 1),
	(9, '[23.03.02]꿀티퍼 회원 이용약관 변경 안내', '	\r\n	\r\n	\r\n	꿀티퍼 서비스를 이용하시는 고객/고수님 진심으로 감사드립니다.\r\n\r\n2023년 4월 5일부터 회원 이용약관이 변경될 예정입니다.\r\n\r\n\r\n1. 주요 변경 내용\r\n\r\n- 제 2 조 (정 의) 추가\r\n\r\n- 제 21 조 (회사의 서비스 이용 계약해제, 해지 및 이용제한) 추가\r\n\r\n- 제 11 조 (회원에 대한 통지) 추가\r\n\r\n- 제 12 조 (회원탈퇴 및 자격상실) 추가\r\n\r\n- 제 24 조 허니페이 서비스 정산 정보 등록 추가\r\n\r\n- 제 26 조 예치금의 지급 / 환불 추가\r\n\r\n- 제 30 조 (고수 회원의 마켓 상품 등록 및 이용의 의무 등) 추가\r\n\r\n- 제 34 조 (회사의 의무) 추가\r\n\r\n- 제 39 조 (게시물 또는 내용물의 삭제) 추가\r\n\r\n\r\n\r\n2. 약관 개정 시행일- 2023년 4월 5일\r\n\r\n- 꿀티퍼 이용약관 전체 보기 : https://soomgo.com/terms/usage\r\n\r\n\r\n자세한 사항은 위 홈페이지에서 확인 부탁드립니다.\r\n\r\n\r\n\r\n*이용약관 변경 적용일인 2023년4월5일까지 거부의사를 표시하지 않으시는 경우, 본 변경 약관에 동의하신 것으로 봅니다.\r\n\r\n*이용약관 변경에 동의하지 않으시는 경우에는 앱/웹에서 회원탈퇴를 진행하실 수 있습니다.\r\n	\r\n	\r\n	\r\n	\r\n', '2023-05-10', 194, 0),
	(10, '[21.10.15]허위 리뷰 작성 및 리뷰/고용수 조작모니터링 강화', '	안녕하세요, 꿀티퍼입니다.\r\n\r\n고수님과 고객님이 꿀티퍼를 믿고 이용할 수 있도록 리뷰 모니터링을 강화하고자 합니다. \r\n\r\n \r\n\r\n허위 리뷰 작성 및 리뷰/고용수 조작이 적발되면 이용약관 제 6 장 20조에 따라 서비스 이용이 영구적으로 제한되며, 사안에 따라 법적 책임을 물을 수 있습니다.\r\n\r\n \r\n\r\n만약 리뷰/고용수 조작에 대한 권유를 받으셨거나, 허위 리뷰 작성 및 고용수 조작 정황에 대해 알고 계신다면 이메일로 제보를 부탁드립니다.   \r\n', '2023-05-10', 22, 0),
	(11, '[23.03.20] 꿀티퍼 긴급 점검 안내(3/20)', '안녕하세요. 꿀티퍼입니다.\r\n\r\n \r\n\r\n현재 꿀티퍼 서버에 장애가 발생하여 일부 서비스 사용이 불가능한 문제가 확인 되었습니다.\r\n\r\n \r\n\r\n장애 현상에 대한 수정 작업으로 인해 \r\n\r\n3월 20일(월) 17:10 부터 18:10 까지 사이트 및 긴급 서버 점검이 진행될 예정입니다.\r\n\r\n\r\n점검시간 동안 꿀티퍼 어플리케이션 또는 사이트의 서비스 이용이 불가능하오니 양해 부탁 드립니다.\r\n\r\n \r\n\r\n점검일시 2023.03.20(월) 17:10 ~ 2023.03.20(월) 18:10\r\n(*작업 진행에 따라 점검 시간이 단축되거나 연장될 수 있는 점 참고 부탁드립니다.)\r\n\r\n \r\n\r\n꿀티퍼를 이용해주시는 고객/고수분들께 불편을 드린 점 사과 말씀 드립니다.\r\n\r\n고객/고수분들의 불편을 최소화 하기 위해 최선을 다하겠으며,\r\n\r\n정상화가 되는데로 안내 드리겠습니다.\r\n\r\n \r\n\r\n감사합니다.', '2023-05-10', 4, 0),
	(12, '[23.02.16] 꿀티퍼 긴급 점검 안내 (2/17 02:00~03:00)', '안녕하세요. 꿀티퍼입니다.\r\n\r\n항상 꿀티퍼를 이용해 주시는 고수/고객님께 깊이 감사 드립니다.\r\n\r\n \r\n\r\n2월 17일 (금) 02:00부터 03:00까지 사이트 및 긴급 서버 점검이 진행될 예정입니다.\r\n\r\n\r\n점검시간 동안 꿀티퍼 어플리케이션 또는 사이트의 서비스 이용이 불가능하오니 양해 부탁 드립니다.\r\n\r\n \r\n\r\n점검일시 2023.02.17(금) 02:00 ~ 2023.02.17(금) 03:00\r\n(*작업 진행에 따라 점검 시간이 단축되거나 연장될 수 있는 점 참고 부탁드립니다.)\r\n\r\n \r\n\r\n감사합니다.', '2023-05-10', 2, 0),
	(18, '[23.02.15] 허니페이 결제 수수료 변경 안내 (2/22 반영)', '안녕하세요, 고객/고수님.\r\n\r\n \r\n\r\n꿀티퍼에서 안전하게 거래하실 수 있도록 도와드리는\r\n\r\n허니페이의 결제 수수료가 2023년 2월 22일(수)부터 아래와 같이 변경됩니다.\r\n\r\n \r\n\r\n기존 : 2.8%\r\n\r\n변경 : 3.5%\r\n\r\n \r\n\r\n허니페이로 거래 시 허니보증 혜택이 자동으로 적용되며,\r\n\r\n계약한 대로 서비스가 진행되지 않거나 서비스 완료 후 결함이 발생했을 때 최대 100만원까지 보증되는 환불보증과 \r\n\r\n계약한 서비스 진행 중 고수의 과실로 고객의 재산에 물리적인 손상이 발생했을 때 최대 1천만원까지 보증되는 재산보증의 혜택을 받을 수 있습니다.\r\n\r\n\r\n \r\n\r\n앞으로도 더욱더 다양한 기능과 서비스를 제공하는 꿀티퍼가 되겠습니다.\r\n\r\n감사합니다.', '2023-05-10', 2, 0),
	(19, '[23.02.08] 일부 서비스 견적발송 캐시 비용 인상 안내 (2/16 반영)', '안녕하세요 언제나 고수님을 응원하는 꿀티퍼입니다.\r\n\r\n \r\n\r\n먼저, 금리인상 및 물가 상승 등으로 많이 힘드신 고수님들께 안좋은 소식을 전하게 되어 죄송하다는 말씀을 드립니다.\r\n\r\n \r\n\r\n꿀티퍼는 견적발송 비용을 인상하지 않도록 최대한 노력해 왔으나 여러 운영비용들이 지속적으로 상승되고 있어 부득이하게 2023년 2월 16일(목) 부터 일부 카테고리에 한하여 견적발송 비용을 인상하게 되었습니다.\r\n\r\n \r\n\r\n모두가 어려운 시기에 부담을 드리게 되어 다시 한번 죄송하다는 말씀을 드립니다.', '2023-05-10', 2, 0),
	(20, '[23.01.25] 꿀티퍼 긴급 점검 안내 (1/25 16:35~18:00)', '안녕하세요. 꿀티퍼입니다.\r\n\r\n \r\n\r\n현재 꿀티퍼 서버에 발생한 오류 수정 작업으로 인해 \r\n\r\n1월 25일 (수) 16:35부터 18:00까지 사이트 및 긴급 서버 점검이 진행될 예정입니다.\r\n\r\n\r\n점검시간 동안 꿀티퍼 어플리케이션 또는 사이트의 서비스 이용이 불가능하오니 양해 부탁 드립니다.\r\n\r\n \r\n\r\n점검일시 2023.01.25(수) 16:35 ~ 2023.01.25(수) 18:00\r\n(*작업 진행에 따라 점검 시간이 단축되거나 연장될 수 있는 점 참고 부탁드립니다.)\r\n\r\n \r\n\r\n꿀티퍼를 이용해주시는 고객/고수분들께 불편을 드린 점 사과 말씀 드립니다.\r\n\r\n고객/고수분들의 불편을 최소화 하기 위해 최선을 다하겠으며,\r\n\r\n정상화가 되는데로 안내 드리겠습니다.\r\n\r\n \r\n\r\n감사합니다.', '2023-05-10', 1, 0),
	(21, '[23.01.16] 꿀티퍼 서비스 점검 안내 (02/16 02:00-06:00)', '안녕하세요. 꿀티퍼입니다.\r\n\r\n항상 꿀티퍼를 이용해 주시는 고수/고객님께 깊이 감사 드립니다.\r\n\r\n \r\n\r\n보다 안정적인 서비스 제공을 위해 2월 16일(목) 02:00 부터 06:00 까지 사이트 및 서버 점검이 진행될 예정입니다.\r\n점검시간 동안 꿀티퍼 어플리케이션 또는 사이트의 서비스 이용이 불가능하오니 양해 부탁 드립니다.\r\n\r\n감사합니다.\r\n\r\n\r\n점검일시 2023.02.16(목) 02:00 ~ 2023.02.16(목) 06:00\r\n(*작업 진행에 따라 점검 시간이 단축되거나 연장될 수 있는 점 참고 부탁드립니다.)', '2023-05-10', 2, 1),
	(22, '[23.01.13] 설 연휴 고객센터 휴무안내', '안녕하세요.\r\n\r\n꿀티퍼를 이용해주시는 고객님께 감사드립니다.\r\n\r\n\r\n고객센터 휴무일 : 2023년 1월 20일 (금) 16:00 ~ 2023년 1월 24일 (화)\r\n\r\n해당 기간에는 설 연휴로 인한 고객센터 휴무가 진행되어 상담이 어렵습니다.\r\n\r\n \r\n\r\n이 기간 중 문의사항이 있으신 경우 이메일(support@soomgo.com)로 남겨주시면 \r\n1월 25일(수) 부터 순차적으로 답변드리겠습니다.\r\n\r\n\r\n2023년 계묘년 새해 복 많이 받으세요.\r\n\r\n감사합니다.', '2023-05-10', 0, 0),
	(23, '[23.01.06] 공공체육시설 내 사설강습 및 영리 활동 금지 안내', '녕하세요 꿀티퍼입니다.\r\n\r\n \r\n\r\n레슨 진행 시 공공체육시설 내에서 수강자에게 대관비와 강습비를 받는 영리활동은 금지하고 있습니다.\r\n\r\n \r\n\r\n사적 영리 행위를 하다 적발되면 관련 지자체 조례에 따라 처분을 받을 수 있으며, 꿀티퍼 서비스 이용에 제한이 될 수 있습니다.\r\n\r\n \r\n\r\n▶지자체 조례 바로가기\r\n\r\n \r\n\r\n[공공체육시설 참고]\r\n\r\n송도달빛축제공원 보조공연장, 송도체육센터, 반포종합운동장, 방배배수지체육공원, 양재근린공원 등등\r\n\r\n \r\n\r\n레슨 서비스 내 활동하시는 고수분들은 확인 후 불이익이 없도록 주의 부탁드립니다.\r\n\r\n \r\n\r\n감사합니다.\r\n\r\n꿀티퍼 드림', '2023-05-10', 5, 1),
	(24, '[업데이트] 안드로이드 지원 중단 버전 안내 (2023.02.27)', '안녕하세요, 꿀티퍼입니다. \r\n\r\n일부 버전의 안드로이드 운영체제 지원을 중단할 예정입니다.\r\n\r\n관련 내용을 안내해 드리니, 서비스 이용에 참고해 주시기 바랍니다.\r\n\r\n\r\n❚ 종료 일자 : 2023년 2월 27일(월)\r\n \r\n\r\n❚ 종료 내용\r\n◾ 안드로이드: 7.0 미만 버전에 대한 업데이트 중단\r\n\r\n \r\n\r\n❚ 유의사항\r\n◾ 종료일 이후 안드로이드 7.0 미만 버전은 꿀티퍼 서비스 업데이트를 진행하실 수 없습니다.\r\n◾ 꿀티퍼에서 제공해 드리는 새로운 기능들을 사용하시려면, 사용 중인 단말기의 운영체제를 해당 버전 이상으로 업데이트하셔야 함을 안내해 드립니다. \r\n◾ 운영체제를 지속해서 업데이트하지 않으실 경우 \'지원 중단 버전\'에 포함되어 모바일앱을 통한 서비스 이용 자체가 불가할 수 있습니다.\r\n\r\n \r\n\r\n보다 안정적인 서비스를 제공하기 위한 조치임을 양해해 주시기 바라며, 사용 중인 소프트웨어 버전을 확인하시고 안정적으로 서비스를 이용해 주세요.\r\n\r\n \r\n\r\n감사합니다.', '2023-05-13', 5, 0),
	(25, '[공지] 구매 수수료 도입 및 혜택 안내', '안녕하세요, 꿀티퍼입니다.\r\n\r\n개정 이용약관에 신설된 제19조에 따라 추후 꿀티퍼 서비스에 적용될 \'구매 수수료\'의 세부 사항을 아래와 같이 안내해 드립니다.\r\n\r\n \r\n\r\n❚ 구매 수수료란?\r\n구매 수수료란 꿀티퍼 내 서비스 구매 시 의뢰인이 지불하는 비용으로, 안정적인 서비스 운영을 위해 활용됩니다.\r\n\r\n \r\n\r\n❚ 적용 일자: 2023년 4월 1일(토)\r\n기존 구매 회원은 프로모션을 통해 현재와 동일하게 수수료 0%로 서비스를 이용하실 수 있습니다.\r\n자세한 내용은 하단 ‘프로모션 안내’를 참고해 주세요.\r\n\r\n \r\n\r\n❚ 구매 수수료 부과 기준\r\n◾ 구매 수수료는 주문 금액의 3.5%로 책정됩니다.\r\n　※ \'주문 금액\'이란? 서비스 기본가, 옵션가, 할인가가 적용된 최종 서비스 금액을 의미합니다.\r\n　※ 구매 수수료(3.5%) = 서비스 이용료(3.18%) + 부가세(0.32%)로 구성됩니다.\r\n◾ 구매 수수료는 최소 300원 ~ 최대 105,000원 범위에서 책정됩니다.\r\n◾ 구매 수수료는 결제 건 1건 당 1회 부과되며, 서비스 결제 시 합산 결제됩니다.\r\n◾ 진행 중인 주문 건에 추가 결제하는 경우에도 구매 수수료가 부과됩니다.\r\n\r\n \r\n\r\n❚ 유의사항\r\n◾ 구매 수수료는 구매 확정 시 최종 정산되며, 거래가 취소되면 해당 비용도 환불됩니다.\r\n◾ 결제 화면 및 주문 정보 화면에서 구매 수수료를 확인하실 수 있습니다.\r\n◾ 구매 수수료는 서비스 화면에서 ‘수수료’로 줄여서 표기됩니다.\r\n◾ 구매 수수료는 [세무·법무·노무] 카테고리에는 적용되지 않습니다.\r\n◾ 구매 수수료 정책은 추후 변경될 수 있습니다.\r\n\r\n \r\n\r\n❚ 프로모션 안내\r\n꿀티퍼를 사랑해 주신 회원님들께 감사의 마음을 담아 구매 수수료 면제 혜택을 제공해드립니다.\r\n\r\n◾대상자: 2022년 10월 1일 ~ 2023년 3월 31일 내 꿀티퍼에서 1건 이상 구매 확정한 회원\r\n◾적용 기간: 2023년 6월 30일까지\r\n\r\n본 프로모션 이후에도 단골 회원님들을 위한 특별한 혜택이 지속될 예정이니, 기대해 주세요.\r\n보다 만족스러운 서비스로 보답하겠습니다.\r\n\r\n감사합니다.\r\n\r\n', '2023-05-13', 7, 1),
	(26, '서비스 이용약관 개정 안내 (2023.04.01)', '안녕하세요, 꿀티퍼입니다.\r\n\r\n꿀티퍼를 이용해주시는 회원님들께 감사드리며, 서비스 이용약관이 아래와 같이 개정될 예정임을 사전 안내해 드립니다.\r\n\r\n자세한 정보는 하단에 기재해드린 내용을 참고해주시기 바랍니다.\r\n\r\n \r\n\r\n❚ 공지 일자: 2023년 2월 28일(화)\r\n \r\n\r\n❚ 시행 일자: 2023년 4월 1일(토)\r\n \r\n\r\n❚ 개정 항목\r\n◾ 약관 내용을 보다 원활하게 이해하실 수 있도록 구성을 전면 개편하였습니다.\r\n\r\n◾ 꿀티퍼에서 제공하는 서비스의 종류에 대한 조항을 신설하고 보다 상세하게 정의하였습니다. (제9조)\r\n\r\n◾ 회사의 의무에 대한 조항을 신설하고 보다 상세하게 기술하였습니다. (제11조)\r\n\r\n◾ 게시물에 대한 권리와 관련한 조항을 보다 상세하게 기술하였습니다. (제14조)\r\n\r\n◾ 구매 수수료에 대한 조항을 신설하였습니다. (제19조)\r\n\r\n◾ 꿀티퍼가 직접 판매하는 용역 등 대한 규정(통신판매업)과 중개서비스 제공에 대한 규정(통신판매중개업)을 구분하여 명시하고, 구매규정·청약철회·유의사항 등을 상세하게 기술하였습니다. (제4장, 제5장)\r\n\r\n◾ 충전 캐시와 적립 캐시에 대한 조항을 분리하고 보다 상세하게 기술하였습니다. (제6장, 제7장)\r\n\r\n◾ 꿀티퍼에서 연결될 수 있는 외부 서비스와 그 활용에 대한 조항을 신설하고, 보다 상세하게 기술하였습니다. (제43조)\r\n\r\n \r\n\r\n※ 첨부자료\r\n변경 전 서비스 이용약관 전문 (2021.04.30. ver)\r\n변경 후 서비스 이용약관 전문 (2023.02.28. ver)\r\n\r\n \r\n❚ 관련 문의 \r\n◾ 개정된 서비스 이용약관은 2023년 4월 1일부터 효력이 발생하며, 이에 동의하지 않는 경우에는 회원 탈퇴를 요청하실 수 있습니다.\r\n◾ 개정 내용에 대한 이의 제기 및 문의는 1544-6254 또는 하단의 [문의하기]를 통해 접수해 주시기 바랍니다.\r\n\r\n \r\n\r\n꿀티퍼는 더 나은 서비스 제공을 위해 항상 최선을 다하겠습니다. \r\n앞으로도 지속적인 서비스 이용과 관심을 부탁드립니다.\r\n\r\n감사합니다.', '2023-05-13', 1, 0),
	(27, '꿀티퍼를 사칭하는 메시지, 조심하세요!', '\r\n안녕하세요, 꿀티퍼입니다.\r\n\r\n최근 \'꿀티퍼\'를 사칭한 인물 및 업체로부터의 피해 사례가 발생하고 있습니다.\r\n\r\n위와 같은 행위는 꿀티퍼 서비스 이용에 혼란을 주고,\r\n더불어 물질적인 피해를 야기할 수 있어 회원님들의 각별한 주의가 필요합니다.\r\n\r\n아래의 안내를 참고하시어 안전하게 서비스를 이용하시기를 바랍니다.\r\n\r\n  피해 사례와 예방 방법\r\n[사례 1] 꿀티퍼, 결제 기관 등을 사칭한 안내 문자 발송(링크 클릭, 회신 유도)\r\n\r\n"국외발신: 고객님 0월 0일 1,000,000원 결제 완료, 본인 아닐 경우 신고 요망"\r\n"상담센터/신고 번호: 000-123-4567" \r\n\r\n☞ 피해 예방 방법: 문자에 포함된 링크를 클릭하거나 연락처로 회신하지 않아야 합니다.\r\n\r\n \r\n\r\n[사례 2] 개인정보 수집\r\n\r\n“안녕하세요, 저희는 kmong.com 이라는 마케팅 업체입니다.\r\n이번에 서비스 홍보를 위해 무료로 나눔 이벤트를 진행 중입니다. 참여하시겠어요?“\r\n\r\n“이벤트 참여를 위해 기본 정보(참여자 명 / 전화번호 / 상품 배송받으실 주소)를 작성해 주세요”\r\n\r\n \r\n\r\n[사례 3] 인증번호 등 정보 요구\r\n\r\n“안녕하세요, 꿀티퍼입니다. 이번에 일시적인 서버 문제로 인증 정보가 초기화되었습니다.\r\n번거로우시겠지만 휴대폰 인증을 다시 해주셔야 하는데, 인증번호를 불러주시겠어요?”\r\n\r\n☞ 피해 예방 방법: 발신자가 요청하는 개인정보를 함부로 전달하지 않아야 합니다.\r\n\r\n \r\n\r\n[사례 4] 업무대행 인원(아르바이트) 모집 및 대행료 미지급\r\n\r\n“안녕하세요, 꿀티퍼 마케팅팀 000라고 합니다.\r\nSNS 또는 포털 사이트에 댓글을 작성해 주시면 월말에 아르바이트 비용을 정산해드릴게요”\r\n\r\n“안녕하세요, 꿀티퍼입니다. 이번에 프리랜서와 관련한 간담회가 열리는데,\r\n참석해 주시면 소정의 비용을 드립니다. 방문하시겠어요?”\r\n\r\n☞ 피해 예방 방법: 사실 확인 없이 온·오프라인 활동에 참여하지 않아야 합니다.\r\n\r\n\r\n주의사항\r\n꿀티퍼는 공식 계정 및 채널을 통해서만 서비스를 제공합니다.\r\n이외 방식으로는 어떠한 영업·모집 행위도 하지 않으며, 회원님들께 개별적으로 연락을 취하거나 접촉하여 개인정보를 요구하지 않습니다.\r\n위의 사례가 의심된다면, 꼭!! 꿀티퍼 고객센터로 문의하여 사실 확인을 해주세요. \r\n\r\n[☎ 1544-6254, 1:1문의 접수(클릭)]\r\n\r\n \r\n\r\n※ 꿀티퍼 공식 계정\r\n- 페이스북: https://www.facebook.com/kmongkorea/\r\n- 인스타그램: https://www.instagram.com/kmong_official/?hl=ko\r\n- 블로그: https://blog.kmong.com/\r\n- 카카오톡 채널: http://pf.kakao.com/_jmApC\r\n\r\n \r\n\r\n이와 더불어 타인·기업의 명의를 사칭할 경우 손해배상 및 법적 다툼의 대상이 될 수 있음을 안내드리며,\r\n꿀티퍼에서도 위와 같은 행위에 대해 적극적으로 조치를 취할 예정입니다.\r\n\r\n\r\n감사합니다.', '2023-05-13', 10, 1),
	(28, '[업데이트] 안드로이드 지원 중단 버전 안내 (2023.02.27)', '안녕하세요, 꿀티퍼입니다. \r\n\r\n일부 버전의 안드로이드 운영체제 지원을 중단할 예정입니다.\r\n\r\n관련 내용을 안내해 드리니, 서비스 이용에 참고해 주시기 바랍니다.\r\n\r\n\r\n❚ 종료 일자 : 2023년 2월 27일(월)\r\n \r\n\r\n❚ 종료 내용\r\n◾ 안드로이드: 7.0 미만 버전에 대한 업데이트 중단\r\n\r\n \r\n\r\n❚ 유의사항\r\n◾ 종료일 이후 안드로이드 7.0 미만 버전은 꿀티퍼 서비스 업데이트를 진행하실 수 없습니다.\r\n◾ 꿀티퍼에서 제공해 드리는 새로운 기능들을 사용하시려면, 사용 중인 단말기의 운영체제를 해당 버전 이상으로 업데이트하셔야 함을 안내해 드립니다. \r\n◾ 운영체제를 지속해서 업데이트하지 않으실 경우 \'지원 중단 버전\'에 포함되어 모바일앱을 통한 서비스 이용 자체가 불가할 수 있습니다.\r\n\r\n \r\n\r\n보다 안정적인 서비스를 제공하기 위한 조치임을 양해해 주시기 바라며, 사용 중인 소프트웨어 버전을 확인하시고 안정적으로 서비스를 이용해 주세요.\r\n\r\n \r\n\r\n감사합니다.\r\n\r\n', '2023-05-13', 0, 0),
	(29, '페널티 정책 안내 (2022.07.04)', '안녕하세요, 꿀티퍼입니다.\r\n\r\n꿀티퍼은 거래의 안전성과 신뢰성을 확보하기 위하여 서비스 이용 중 발생할 수 있는 규정 위반 사유를 안내하고, 이용약관 및 정책에 따라 상응하는 조치를 취하고 있습니다.\r\n\r\n회원님의 원활한 서비스 이용을 바라며 명문화된 페널티 정책을 안내해 드립니다.\r\n자세한 내용은 아래의 공지를 확인해 주시기 바랍니다.\r\n\r\n \r\n\r\n❚ 공지 일자\r\n　◾ 2022년 6월 27일 (월)\r\n\r\n \r\n\r\n❚ 시행 일자\r\n　◾ 2022년 7월 4일 (월) / *하기 정책 페이지 기준\r\n\r\n \r\n\r\n❚ 주요 내용\r\n　- 이용약관 제15조에 따른 페널티 정책 명문화\r\n\r\n　- 페널티 진행 절차 안내\r\n\r\n　- 페널티 주요 조치 항목 안내\r\n\r\n　- 페널티 조치 방법 및 기준 안내\r\n\r\n \r\n\r\n첨부\r\n※ 페널티 정책 2022. 07. 04. ver', '2023-05-13', 1, 0),
	(30, '[업데이트] 모바일앱 기능 업데이트 (2021.07.26)', '안녕하세요, 꿀티퍼입니다.\r\n\r\n원하는 서비스를 보다 쉽고 빠르게 찾으실 수 있도록 \r\n7월 26일, 꿀티퍼 모바일앱 기능을 일부 업데이트하였습니다.\r\n\r\n자세한 내용은 아래에서 확인해주세요.\r\n\r\n \r\n\r\n❚ 업데이트 일자 \r\n　2021년 7월 26일(월)\r\n\r\n \r\n\r\n❚ 업데이트 항목\r\n◾️ 버그 수정 및 사용성 개선 작업 진행\r\n\r\n◾️ 모바일앱 메인 화면\r\n✔︎ 변경 전: 모바일앱 최상단 kmong 로고를 클릭하여 [맞춤견적] [엔터프라이즈] 서비스로 접속\r\n✔︎ 변경 후: 카테고리 목록 하단에 노출되는 각 서비스를 클릭하여 접속\r\n\r\n◾️ 연관 서비스 이동 경로 제공\r\n✔︎ 변경 전: 없음\r\n✔︎ 변경 후: 카테고리 목록 하단에 노출되는 해당 서비스 [SOON]를 클릭하여 접속\r\n\r\n◾️ 하단 메뉴바 구성\r\n✔︎ 변경 전: [홈] [카테고리] [메시지] [마이꿀티퍼] \r\n✔︎ 변경 후: [홈] [검색] [찜목록] [메시지] [마이꿀티퍼]  \r\n\r\n\r\n \r\n\r\n◾️ 키워드 검색 결과 필터\r\n✔︎ 변경 전:\r\n- 공통 필터: [카테고리 / Prime / 접속중 / 세금계산서]\r\n- 카테고리별 필터: 없음\r\n\r\n✔︎ 변경 후:\r\n- 공통 필터: [카테고리 / Prime / 접속중 / 세금계산서 / MASTER 전문가]\r\n- 카테고리별 필터\r\n· 운세·상담, 영상·사진·음향, 취업·투잡, 레슨·실무교육 카테고리 [즉시상담가능]\r\n· IT·프로그래밍 카테고리 [포트폴리오]\r\n\r\n잘 읽어보셨나요?\r\n\r\n꿀티퍼의 모든 회원님께서 변경된 기능을 통해 성공적인 거래하실 수 있기를 바라며,\r\n앞으로도 더욱 유용한 기능들을 제공해드리기 위해 노력하겠습니다.\r\n\r\n감사합니다.\r\n\r\n', '2023-05-13', 0, 0),
	(31, '적립 캐시의 유효기간 변경 안내 (2020.03.03)', '안녕하세요, 크몽입니다\r\n\r\n​\r\n\r\n2020년 3월 3일부터 \'적립 캐시\'의 유효 기간이 변경됩니다.\r\n\r\n자세한 사항은 아래 안내를 참고해주시기 바랍니다.\r\n\r\n​이상으로 크몽 캐시 적립에 대한 변경 내용을 안내해 드렸습니다.\r\n\r\n이에 아쉬움을 느끼실 회원님들께 양해를 구하며,\r\n\r\n앞으로 더 좋은 혜택을 제공할 수 있도록 노력하는 크몽이 되겠습니다.', '2023-05-13', 1, 0),
	(32, '꿀티퍼는 통하지 않은 직접 결제에 대한 조치가 강화됩니다.', '안녕하세요, 꿀티퍼입니다.\r\n\r\n꿀티퍼는 회원 간 직접 결제로 인한 피해를 미연에 방지하고 보다 안전하게 거래하실 수 있도록 서비스 전반에 걸쳐 안전장치를 제공하고 있습니다.\r\n\r\n\r\n관련한 선제적 조치로는 안전결제 서비스(에스크로)가 있습니다.\r\n\r\n에스크로 서비스는 회원 간 거래가 완료되는 시점까지 결제 대금을 꿀티퍼이 보관하고, 거래가 정상적으로 완료된 이후 전문가에게 결제 대금을 송금해드리는 방식입니다.\r\n\r\n \r\n\r\n또다른 안전장치로는 직접 결제에 대한 페널티 규정이 있습니다. \r\n\r\n꿀티퍼는 회원 간의 거래 중 발생될 수 있는 다양한 문제에 대한 사전 조치 기준을 둠으로써 거래의 안전을 확보하고자 하며, 이를 위한 규정으로 페널티 제도를 운영하고 있습니다. \r\n\r\n\r\n이 중 꿀티퍼는 통하지 않는 직접 결제는 꿀티퍼가 결제 대금을 보호해드리거나 사고에 대한 조치를 취해드리는 것이 매우 어려운 현실에 통감하여, 꿀티퍼 플랫폼에서 이를 유도하거나 실행하는 경우에 대한 조치를 강화하게 되었습니다. \r\n\r\n\r\n페널티 규정은 오로지 플랫폼의 건강한 거래 생태계를 해치는 행위로 판단될 경우에만 적용되는 점에 대해 다시 한번 양해와 협조의 말씀을 구하며, 아래의 안내를 참고해주시 바랍니다. \r\n\r\n \r\n\r\n \r\n\r\n❚ 일정\r\n\r\n  2019년 8월 5일 (월)\r\n\r\n \r\n\r\n❚ 직접 결제 관련 제재 대상\r\n\r\n거래 전 외부 연락채널을 노출·요청하는 경우\r\n거래 전 대면 상담을 요청·진행한 경우\r\n거래 금액의 할인 등을 조건으로 직접 결제를 유도하는 경우\r\n꿀티퍼를 통하지 않고 직접 결제한 경우\r\n   ※ 예시     \r\n　\'010-1234-4567로 연락주시면 좀 더 빠른 상담이 가능합니다\'\r\n　\'계좌로 거래 금액을 이체해주시면 10% 할인해드리겠습니다\'\r\n　\'견적 금액은 100만원입니다. kmong@kmong.com으로 문의주시면 가격절충 가능합니다\' 등\r\n\r\n \r\n\r\n❚ 제재 조치\r\n\r\n  직접 결제와 관련한 귀책 사유가 확인되면. 적발 횟수에 따라 서비스 이용이 제한됩니다.\r\n\r\n\r\n적발 횟수                 1회       2회      3회        \r\n이용정지 기간(일)         21일      90일     365일        \r\n\r\n\r\n위와 같은 조치 강화는, 건강한 거래 생태계를 만들어가기 위함임과 동시에 회원님의 거래 안전을 위한 최소한의 조치로 이해해주시면 감사하겠습니다. \r\n\r\n\r\n앞으로도  회원님의 안전한 거래를 보호할 수 있는 다양한 정책을 더 고민하겠습니다. \r\n\r\n \r\n\r\n감사합니다.   ', '2023-05-22', 101, 1),
	(33, '[업데이트] iOS 지원 중단 버전 안내 (2023.02.27)', '안녕하세요, 꿀티퍼입니다. \r\n\r\n일부 버전의 모바일앱 운영체제 지원을 중단할 예정입니다.\r\n\r\n관련 내용을 안내해 드리니, 서비스 이용에 참고해 주시기 바랍니다.\r\n\r\n\r\n❚ 종료 일자 : 2023년 2월 27일(월)\r\n \r\n\r\n❚ 종료 내용\r\n◾ iOS: 14.0 미만 버전에 대한 업데이트 중단\r\n\r\n \r\n\r\n❚ 유의사항\r\n◾ 종료일 이후 iOS 14.0 미만 버전은 꿀티퍼 서비스 업데이트를 진행하실 수 없습니다.\r\n◾ 꿀티퍼에서 제공해 드리는 새로운 기능들을 사용하시려면, 사용 중인 단말기의 운영체제를 해당 버전 이상으로 업데이트하셔야 함을 안내해 드립니다. \r\n◾ 운영체제를 지속해서 업데이트하지 않으실 경우 \'지원 중단 버전\'에 포함되어 모바일앱을 통한 서비스 이용 자체가 불가할 수 있습니다.\r\n\r\n \r\n\r\n보다 안정적인 서비스를 제공하기 위한 조치임을 양해해 주시기 바라며, 사용 중인 소프트웨어 버전을 확인하시고 안정적으로 서비스를 이용해 주세요.\r\n\r\n \r\n\r\n감사합니다.', '2023-05-13', 0, 0),
	(34, '개인정보처리방침 변경 안내 (2020. 08. 03)', '\r\n안녕하세요, 꿀티퍼입니다.\r\n\r\n꿀티퍼 서비스를 이용해 주시는 회원님께 감사드리며,\r\n개인정보취급방침이 아래와 같이 일부 개정되었음을 안내드립니다.\r\n\r\n자세한 정보는 하단에 기재해드린 내용을 참고해 주시기 바랍니다.\r\n\r\n \r\n\r\n \r\n\r\n❚  공지 및 시행일자 \r\n　　- 2020년 8월 3일(월)\r\n\r\n\r\n \r\n\r\n❚  수정내용 및 사유\r\n　　- 개인정보보호책임자 변경\r\n\r\n　　- 수탁사의 변경(PG 서비스 이관)\r\n\r\n\r\n\r\n※ 개인정보처리방침의 개정과 관련한 이의 제기 및 문의는 1544-6254 또는 1:1문의하기 로 접수해 주시기 바랍니다.\r\n\r\n \r\n\r\n꿀티퍼는 더 나은 서비스 제공을 위해 항상 최선을 다하겠습니다. \r\n앞으로도 지속적인 관심을 부탁드립니다.\r\n감사합니다.', '2023-05-13', 0, 0);
/*!40000 ALTER TABLE `notice` ENABLE KEYS */;

-- 테이블 samp.point 구조 내보내기
CREATE TABLE IF NOT EXISTS `point` (
  `POINT_NUM` int(11) NOT NULL AUTO_INCREMENT,
  `POINT_ID` varchar(200) NOT NULL,
  `POINT_PRICE` int(11) NOT NULL,
  `POINT_HISTORY` varchar(2000) DEFAULT NULL,
  `POINT_TIME` datetime NOT NULL,
  PRIMARY KEY (`POINT_NUM`)
) ENGINE=InnoDB AUTO_INCREMENT=1059 DEFAULT CHARSET=utf8mb3 COLLATE=utf8mb3_general_ci;

-- 테이블 데이터 samp.point:~111 rows (대략적) 내보내기
/*!40000 ALTER TABLE `point` DISABLE KEYS */;
INSERT INTO `point` (`POINT_NUM`, `POINT_ID`, `POINT_PRICE`, `POINT_HISTORY`, `POINT_TIME`) VALUES
	(1, 'smjang', 20000, '허니페이충전', '2023-05-05 14:47:20'),
	(2, 'smjang', 30000, '허니페이충전', '2023-05-06 14:47:45'),
	(3, 'smjang', 4000, '허니페이충전', '2023-05-06 14:48:00'),
	(4, 'smjang', 5000, '허니페이충전', '2023-05-07 14:48:25'),
	(5, 'smjang', 7000, '허니페이충전', '2023-05-07 14:48:38'),
	(6, 'smjang', 15000, '허니페이충전', '2023-05-07 14:48:58'),
	(7, 'smjang', 30000, '허니페이충전', '2023-05-07 14:49:18'),
	(8, 'smjang', 80000, '허니페이충전', '2023-05-07 14:49:34'),
	(9, 'smjang', 70000, '허니페이충전', '2023-05-08 14:49:51'),
	(10, 'smjang', -40000, '쉽고빠른 c 언어', '2023-05-08 14:50:41'),
	(11, 'smjang', -50000, '보고서작성 기초', '2023-05-08 14:51:39'),
	(12, 'smjang', 400, '허니페이충전', '2023-05-08 14:52:07'),
	(13, 'smjang', -70400, '누구보다빠르게 남들과는다르게', '2023-05-08 14:52:56'),
	(14, 'smjang', 50000, '허니페이충전', '2023-05-08 14:53:12'),
	(15, 'smjang', 40000, '허니페이충전', '2023-05-08 14:53:27'),
	(16, 'smjang', 30000, '허니페이충전', '2023-05-08 15:19:39'),
	(17, 'smjang', 20000, '허니페이충전', '2023-05-08 15:20:11'),
	(18, 'smjang', 40000, '허니페이충전', '2023-05-08 15:21:23'),
	(19, 'smjang', -70000, '보고서작성', '2023-05-08 15:21:53'),
	(20, 'smjang', -50000, '쉽고빠른 c언어', '2023-05-08 15:22:24'),
	(21, 'smjang', -3000, '보고서작성', '2023-05-08 15:22:54'),
	(22, 'smjang', -40000, '쉽고빠른 c언어', '2023-05-08 15:26:42'),
	(23, 'smjang', -40000, '쉽고빠른 c언어', '2023-05-08 15:26:42'),
	(24, 'smjang', -40000, '쉽고빠른 c언어', '2023-05-08 15:26:42'),
	(25, 'smjang', -40000, '쉽고빠른 c언어', '2023-05-08 15:26:42'),
	(26, 'smjang', -40000, '쉽고빠른 c언어', '2023-05-08 15:26:43'),
	(27, 'smjang', -40000, '쉽고빠른 c언어', '2023-05-08 15:26:43'),
	(28, 'smjang', -40000, '쉽고빠른 c언어', '2023-05-08 15:26:43'),
	(29, 'smjang', -40000, '쉽고빠른 c언어', '2023-05-08 15:26:43'),
	(30, 'smjang', -40000, '쉽고빠른 c언어', '2023-05-08 15:26:43'),
	(31, 'smjang', -40000, '쉽고빠른 c언어', '2023-05-08 15:26:44'),
	(32, 'smjang', -40000, '쉽고빠른 c언어', '2023-05-08 15:26:44'),
	(33, 'smjang', -40000, '쉽고빠른 c언어', '2023-05-08 15:26:44'),
	(34, 'smjang', -40000, '쉽고빠른 c언어', '2023-05-08 15:26:44'),
	(35, 'smjang', -40000, '쉽고빠른 c언어', '2023-05-08 15:26:45'),
	(36, 'smjang', -40000, '쉽고빠른 c언어', '2023-05-08 15:26:45'),
	(37, 'smjang', -40000, '쉽고빠른 c언어', '2023-05-08 15:26:45'),
	(38, 'smjang', -40000, '쉽고빠른 c언어', '2023-05-08 15:26:45'),
	(39, 'smjang', -40000, '쉽고빠른 c언어', '2023-05-08 15:26:45'),
	(40, 'smjang', -40000, '쉽고빠른 c언어', '2023-05-08 15:26:46'),
	(41, 'smjang', 540000, '허니페이충전', '2023-05-08 15:27:28'),
	(42, 'smjang', 420000, '허니페이충전', '2023-05-08 15:32:16'),
	(66, 'jsmxn', 200, '허니페이충전', '2023-05-08 18:03:53'),
	(67, 'smjang', 14250, '보고서 작성 기초', '2023-05-15 15:55:15'),
	(68, 'smjang', -8888, '클래식 여행', '2023-05-15 20:16:42'),
	(69, 'hmoh', 8443, '클래식 여행', '2023-05-16 10:10:31'),
	(70, 'shjung', 1000, '허니페이충전', '2023-05-20 18:17:18'),
	(71, 'shjung', -500, '보고서 작성 기초', '2023-05-20 18:52:23'),
	(72, 'smjang', 475, '보고서 작성 기초', '2023-05-20 19:28:58'),
	(73, 'smjang', -20000, '애완견 목욕', '2023-05-21 00:15:51'),
	(74, 'bykim', 19000, '애완견 목욕', '2023-05-21 00:16:10'),
	(999, 'smjang', 100000000, '관리자충전', '2023-05-21 22:01:04'),
	(1000, 'smjang', -10000, '자바 에이스', '2023-05-21 22:05:25'),
	(1001, 'shhan', 9500, '자바 에이스', '2023-05-21 22:06:11'),
	(1002, 'smjang', -10000000, '독서토론', '2023-05-21 22:08:52'),
	(1003, 'bykim', 9500000, '독서토론', '2023-05-21 22:09:14'),
	(1004, 'smjang', -5000000, '성악 기초', '2023-05-21 22:09:39'),
	(1005, 'shlee', 4750000, '성악 기초', '2023-05-21 22:09:48'),
	(1006, 'shhan', -9500, '독서토론', '2023-05-21 22:11:08'),
	(1007, 'shlee', -312000, '누구나 쉬운 포토샵', '2023-05-21 22:15:53'),
	(1008, 'smjang', 296400, '누구나 쉬운 포토샵', '2023-05-21 22:16:43'),
	(1009, 'bykim', -50000, '소프라노 성악', '2023-05-21 22:18:56'),
	(1010, 'smjang', -7000000, '드럼 취미반', '2023-05-21 22:19:28'),
	(1011, 'syyang', 6650000, '드럼 취미반', '2023-05-21 22:19:41'),
	(1012, 'syyang', -500000, '소프라노 성악', '2023-05-21 22:21:09'),
	(1013, 'shlee', -100000, '뚝딱뚝딱 목공예', '2023-05-21 22:21:45'),
	(1014, 'smjang', -9990000, '조선 코딩', '2023-05-21 22:23:11'),
	(1015, 'shhan', 9490500, '조선 코딩', '2023-05-21 22:23:24'),
	(1016, 'syyang', -50000, '도자기 체험', '2023-05-21 22:23:33'),
	(1017, 'bykim', -312000, '컴활 초등학생', '2023-05-21 22:24:32'),
	(1018, 'syyang', -50000, 'C언어 기초', '2023-05-21 22:25:02'),
	(1019, 'bykim', 95000, '강의명:뚝딱뚝딱 목공예, 수강회원:shlee, [관리자]완료', '2023-05-21 22:32:22'),
	(1020, 'syyang', -312000, '누구나 쉬운 포토샵', '2023-05-21 22:34:37'),
	(1021, 'syyang', -1300000, '우리아이 훈육', '2023-05-21 22:35:11'),
	(1022, 'syyang', -20000, '독서토론', '2023-05-21 22:36:05'),
	(1023, 'smjang', -3000000, 'K-pop 댄스 ', '2023-05-21 22:36:18'),
	(1024, 'smjang', 296400, '컴활 초등학생', '2023-05-21 22:37:36'),
	(1025, 'shlee', 47500, '소프라노 성악', '2023-05-21 22:38:07'),
	(1026, 'shjung', 2850000, 'K-pop 댄스 ', '2023-05-21 22:39:18'),
	(1027, 'shjung', 1235000, '강의명:우리아이 훈육, 수강회원:syyang, [관리자]완료', '2023-05-21 22:42:05'),
	(1028, 'syyang', 312000, '강의명:누구나 쉬운 포토샵, 강사id:smjang, [관리자]취소', '2023-05-21 22:42:27'),
	(1029, 'syyang', -55000, '음치탈출', '2023-05-21 22:45:24'),
	(1030, 'syyang', -300000, 'K-pop 댄스 ', '2023-05-21 22:46:47'),
	(1031, 'shhan', -1000000, '디자인 입시반', '2023-05-21 22:47:37'),
	(1032, 'shjung', 285000, 'K-pop 댄스 ', '2023-05-21 22:56:10'),
	(1033, 'hmoh', 52250, '음치탈출', '2023-05-21 22:56:44'),
	(1034, 'bykim', 19000, '독서토론', '2023-05-21 22:57:22'),
	(1035, 'shhan', 47500, 'C언어 기초', '2023-05-21 22:57:51'),
	(1036, 'syyang', -30000, '종이접기 고급', '2023-05-22 09:22:25'),
	(1037, 'smjang', -10000000, '기념일별 선물 추천 / 포장꿀TIP!', '2023-05-22 09:37:08'),
	(1038, 'hmoh', 9500000, '기념일별 선물 추천 / 포장꿀TIP!', '2023-05-22 09:37:20'),
	(1039, 'bykim', 9025, '독서토론', '2023-05-22 09:37:37'),
	(1040, 'auhae', 950000, '디자인 입시반', '2023-05-22 09:37:52'),
	(1041, 'shhan', -1000000, '자바 첫걸음', '2023-05-22 09:39:21'),
	(1042, 'smjang', -3000000, '하루만에 배우는 DSLR의 모든 것', '2023-05-22 09:40:18'),
	(1043, 'syyang', -40000, '애완견 목욕', '2023-05-22 09:50:02'),
	(1044, 'bykim', -1000000, '반짝반짝 네일', '2023-05-22 09:50:38'),
	(1045, 'hmoh', -300000, '소프라노 성악', '2023-05-22 09:50:45'),
	(1046, 'bykim', 38000, '애완견 목욕', '2023-05-22 09:50:57'),
	(1047, 'syyang', -50000, '뚝딱뚝딱 목공예', '2023-05-22 09:51:15'),
	(1048, 'shlee', 285000, '소프라노 성악', '2023-05-22 09:51:43'),
	(1049, 'auhae', 950000, '반짝반짝 네일', '2023-05-22 09:52:31'),
	(1050, 'syyang', -300000, '성악 기초', '2023-05-22 09:52:32'),
	(1051, 'shlee', 285000, '성악 기초', '2023-05-22 09:52:58'),
	(1052, 'syyang', -500000, '자바 에이스', '2023-05-22 09:53:54'),
	(1053, 'shhan', 475000, '자바 에이스', '2023-05-22 09:54:14'),
	(1054, 'shlee', -500000, '음치탈출', '2023-05-22 09:55:54'),
	(1055, 'hmoh', 475000, '음치탈출', '2023-05-22 09:56:23'),
	(1056, 'hmoh', 950000, '자바 첫걸음', '2023-05-22 10:01:46'),
	(1057, 'syyang', -312000, '컴활 초등학생', '2023-05-22 10:06:35'),
	(1058, 'bykim', -312000, '보고서 작성 기초', '2023-05-22 10:06:46');
/*!40000 ALTER TABLE `point` ENABLE KEYS */;

-- 테이블 samp.report 구조 내보내기
CREATE TABLE IF NOT EXISTS `report` (
  `REPORT_NUM` int(11) NOT NULL AUTO_INCREMENT,
  `REPORT_USER_ID` varchar(200) NOT NULL,
  `REPORT_CONT` varchar(2000) NOT NULL,
  `REPORT_DATE` date NOT NULL DEFAULT current_timestamp(),
  `REPORT_LESSON_NUM` int(11) NOT NULL,
  `REPORT_STATUS` int(11) NOT NULL DEFAULT 0,
  PRIMARY KEY (`REPORT_NUM`),
  KEY `REPORT_USER_ID_FK` (`REPORT_USER_ID`),
  KEY `REPORT_LESSON_NUM_FK` (`REPORT_LESSON_NUM`),
  CONSTRAINT `REPORT_LESSON_NUM_FK` FOREIGN KEY (`REPORT_LESSON_NUM`) REFERENCES `lesson` (`LESSON_NUM`),
  CONSTRAINT `REPORT_USER_ID_FK` FOREIGN KEY (`REPORT_USER_ID`) REFERENCES `users` (`USER_ID`) ON UPDATE CASCADE
) ENGINE=InnoDB AUTO_INCREMENT=11 DEFAULT CHARSET=utf8mb3 COLLATE=utf8mb3_general_ci;

-- 테이블 데이터 samp.report:~2 rows (대략적) 내보내기
/*!40000 ALTER TABLE `report` DISABLE KEYS */;
INSERT INTO `report` (`REPORT_NUM`, `REPORT_USER_ID`, `REPORT_CONT`, `REPORT_DATE`, `REPORT_LESSON_NUM`, `REPORT_STATUS`) VALUES
	(9, 'shhan', '회원님이 약속시간에 나오지 않고 얘기도 없으셔요', '2023-05-21', 15, 0),
	(10, 'bykim', '선생님이 못생겼어요!', '2023-05-21', 4, 0);
/*!40000 ALTER TABLE `report` ENABLE KEYS */;

-- 테이블 samp.review 구조 내보내기
CREATE TABLE IF NOT EXISTS `review` (
  `REVIEW_NUM` int(11) NOT NULL AUTO_INCREMENT,
  `REVIEW_LESSON_NUM` int(11) NOT NULL,
  `REVIEW_CONT` varchar(5000) NOT NULL,
  `REVIEW_WRITER` varchar(50) NOT NULL,
  `REVIEW_SUGAR` double NOT NULL,
  `REVIEW_DATE` date DEFAULT current_timestamp(),
  PRIMARY KEY (`REVIEW_NUM`),
  KEY `REVIEW_LESSON_NUM_FK` (`REVIEW_LESSON_NUM`),
  CONSTRAINT `REVIEW_LESSON_NUM_FK` FOREIGN KEY (`REVIEW_LESSON_NUM`) REFERENCES `lesson` (`LESSON_NUM`) ON DELETE CASCADE ON UPDATE CASCADE
) ENGINE=InnoDB AUTO_INCREMENT=79 DEFAULT CHARSET=utf8mb3 COLLATE=utf8mb3_general_ci;

-- 테이블 데이터 samp.review:~76 rows (대략적) 내보내기
/*!40000 ALTER TABLE `review` DISABLE KEYS */;
INSERT INTO `review` (`REVIEW_NUM`, `REVIEW_LESSON_NUM`, `REVIEW_CONT`, `REVIEW_WRITER`, `REVIEW_SUGAR`, `REVIEW_DATE`) VALUES
	(1, 1, '기초배우기 좋아요', '오현민', 4, '2023-03-05'),
	(2, 1, '초보자에게 딱이에요', '해애언', 4, '2023-03-06'),
	(3, 1, '처음인데 어렵지 않네요', '양소연', 5, '2023-04-05'),
	(4, 1, '자세히 설명해줘요', '김영철', 5, '2023-05-02'),
	(5, 1, '이해가 쉬워요', '김태희', 5, '2023-04-05'),
	(6, 1, '비전공자도 충분해요', '장동건', 5, '2023-05-01'),
	(7, 1, '개념정리가 잘되요', '김연아', 5, '2023-04-05'),
	(8, 1, '지루하지 않아요', '김보영', 5, '2023-04-08'),
	(9, 1, '좋은강의 감사합니다', '송혜교', 5, '2023-03-05'),
	(10, 1, '돈안아까워요', '장나라', 5, '2023-04-22'),
	(11, 1, '회사에서 잘 써먹어요', '이효리', 5, '2023-05-05'),
	(12, 1, '괜찮은거 같아요', '이지혜', 5, '2023-04-26'),
	(13, 7, '꿀팁 감사합니다', '한가인', 5, '2023-04-05'),
	(14, 7, '유용한거 같아요', '강호동', 5, '2023-04-18'),
	(15, 7, '적용하기 어렵네요', '홍진경', 2, '2023-05-05'),
	(16, 7, '나쁘지 않아요', '이동욱', 4, '2023-04-30'),
	(17, 7, '진짜 추천해요', '이승희', 5, '2023-05-01'),
	(18, 7, '가성비 좋은 강의에요', '박은빈', 4, '2023-04-27'),
	(19, 7, '친구가 추천해주었어요', '해애언', 4, '2023-03-05'),
	(21, 7, '행복한 시간이었어요', '김보영', 4, '2023-03-15'),
	(22, 7, '추천합니다', '유재석', 5, '2023-04-26'),
	(23, 7, '또 들을게요', '김나나', 5, '2023-04-25'),
	(24, 7, '완전 만족입니다', '임창정', 5, '2023-05-03'),
	(25, 22, '여행에서 유용해요', '해애언', 5, '2023-04-01'),
	(26, 22, '추천합니다', '김보영', 5, '2023-04-05'),
	(27, 22, '쏘쏘', '송혜교', 4, '2023-04-30'),
	(28, 22, '괜찮아요', '한가인', 4, '2023-04-30'),
	(29, 22, '재밌었어요', '오현민', 5, '2023-04-01'),
	(30, 22, '친구랑 여행 잘 갔다왔어요', '이효리', 5, '2023-05-05'),
	(31, 22, '꿀팁이 많아요', '유재석', 5, '2023-05-01'),
	(32, 22, '친구도 듣는데요', '김태희', 4, '2023-04-26'),
	(33, 22, '감사합니다', '한상현', 4, '2023-04-07'),
	(34, 22, '여행클래스중 최고', '김연아', 5, '2023-05-04'),
	(35, 22, '유용하게 들었어요', '임창정', 4, '2023-05-03'),
	(36, 22, '엄마가 좋아해요', '김라엘', 5, '2023-05-02'),
	(37, 26, '개념정리 잘해주네요', '해애언', 5, '2023-05-03'),
	(38, 26, '추천합니다', '김보영', 5, '2023-04-05'),
	(39, 26, '쉽고 적용하기 좋아요', '이승희', 5, '2023-05-01'),
	(40, 26, '안지루해요', '오현민', 5, '2023-05-01'),
	(41, 26, '좋아요', '양소연', 5, '2023-04-05'),
	(42, 26, '졸렸어요', '장승무', 5, '2023-05-05'),
	(43, 26, '추천 추천', '유재석', 5, '2023-05-01'),
	(44, 26, '완전 만족', '한상현', 4, '2023-04-28'),
	(45, 26, '재밌었어요. 추천!', '박은빈', 5, '2023-05-01'),
	(46, 40, '지루해요', '홍진경', 3, '2023-04-25'),
	(47, 40, '너무 쉬워요', '이효리', 2, '2023-05-03'),
	(48, 40, '사진이 쉬워져요', '해애언', 4, '2023-04-29'),
	(49, 40, '그냥 그래요', '장동건', 2, '2023-04-30'),
	(50, 40, '돈아까워요', '송중기', 1, '2023-04-25'),
	(51, 40, '환불하려구요', '김라엘', 1, '2023-05-03'),
	(52, 8, 'as', 'bykim', 2, '2023-05-20'),
	(53, 22, '', 'bykim', 5, '2023-05-20'),
	(55, 14, '발성이 장난아니게 됫어요', 'smjang', 3, '2023-05-21'),
	(56, 27, '너무싸요', 'smjang', 3, '2023-05-21'),
	(57, 15, '너무비싸요', 'smjang', 3, '2023-05-21'),
	(58, 21, '가격이 적당해요', 'smjang', 3, '2023-05-21'),
	(59, 6, '좋은 강의였습니다', 'shlee', 3, '2023-05-21'),
	(60, 19, '너무비싸요', 'smjang', 3, '2023-05-21'),
	(61, 59, '이거 구린데너무비쌈 ', 'smjang', 2, '2023-05-21'),
	(62, 4, '별로에요!', 'bykim', 1, '2023-05-21'),
	(63, 20, '강사님이 상세하게 너무 잘가르쳐주세요!', 'bykim', 5, '2023-05-21'),
	(64, 25, '가격이 적당하네요', 'smjang', 3, '2023-05-21'),
	(65, 25, '강사님이 하입보이 그 자체입니다! 적극추천!', 'syyang', 4, '2023-05-21'),
	(66, 10, '득음한 기분이란게 이런걸까요...?! 적극추천합니다!', 'syyang', 3, '2023-05-21'),
	(67, 15, '독서의 참 맛을 알게해주신 강사님 감사드려요!', 'syyang', 3, '2023-05-21'),
	(68, 28, '기초를 탄탄하게 알려주세요! 적극추천합니다', 'syyang', 3, '2023-05-21'),
	(69, 8, '너무비싸요', 'smjang', 4, '2023-05-22'),
	(70, 15, '독서에 대해서 깨달았습니다!', 'shhan', 5, '2023-05-22'),
	(71, 32, '디자인이 무엇인지 알게되었습니다', 'shhan', 4, '2023-05-22'),
	(72, 14, '다 아는 기본내용...시간 아까워요', 'syyang', 1, '2023-05-22'),
	(73, 20, '와.. 조수미 뺨치고왔어요', 'hmoh', 4, '2023-05-22'),
	(74, 34, '힝 너무 비쌌어요', 'bykim', 1, '2023-05-22'),
	(75, 21, '강의 내용이 너무 별로에요....', 'syyang', 1, '2023-05-22'),
	(76, 27, '자바에이스는 개뿔', 'syyang', 1, '2023-05-22'),
	(77, 10, '음치는 탈출한 것 같아요..ㅎㅎ', 'shlee', 4, '2023-05-22'),
	(78, 9, '평범해요', 'shhan', 3, '2023-05-22');
/*!40000 ALTER TABLE `review` ENABLE KEYS */;

-- 테이블 samp.sales 구조 내보내기
CREATE TABLE IF NOT EXISTS `sales` (
  `SALES_VALUE` int(11) DEFAULT NULL,
  `SALES_DATE` date DEFAULT curdate()
) ENGINE=InnoDB DEFAULT CHARSET=utf8mb3 COLLATE=utf8mb3_general_ci;

-- 테이블 데이터 samp.sales:~73 rows (대략적) 내보내기
/*!40000 ALTER TABLE `sales` DISABLE KEYS */;
INSERT INTO `sales` (`SALES_VALUE`, `SALES_DATE`) VALUES
	(110000, '2023-04-29'),
	(110000, '2023-04-29'),
	(170000, '2023-04-29'),
	(170000, '2023-04-29'),
	(200000, '2023-05-01'),
	(210000, '2023-05-01'),
	(220000, '2023-05-01'),
	(230000, '2023-05-01'),
	(190000, '2023-05-02'),
	(200000, '2023-05-02'),
	(210000, '2023-05-02'),
	(260000, '2023-05-03'),
	(250000, '2023-05-03'),
	(240000, '2023-05-03'),
	(230000, '2023-05-03'),
	(230000, '2023-04-29'),
	(190000, '2023-04-28'),
	(180000, '2023-04-27'),
	(190000, '2023-04-26'),
	(180000, '2023-04-25'),
	(180000, '2023-04-24'),
	(180000, '2023-04-23'),
	(160000, '2023-04-22'),
	(160000, '2023-04-30'),
	(150000, '2023-05-03'),
	(157000, '2023-05-04'),
	(180000, '2023-05-05'),
	(130000, '2023-05-06'),
	(190000, '2023-05-06'),
	(210000, '2023-05-07'),
	(150000, '2023-05-08'),
	(200000, '2023-05-09'),
	(163000, '2023-05-10'),
	(180000, '2023-05-11'),
	(210000, '2023-05-12'),
	(140000, '2023-05-13'),
	(190000, '2023-05-14'),
	(177000, '2023-05-15'),
	(177000, '2023-05-15'),
	(167000, '2023-05-15'),
	(25, '2023-05-21'),
	(1000, '2023-05-21'),
	(500, '2023-05-21'),
	(500000, '2023-05-21'),
	(250000, '2023-05-21'),
	(15600, '2023-05-21'),
	(350000, '2023-05-21'),
	(499500, '2023-05-21'),
	(5000, '2023-05-21'),
	(15600, '2023-05-21'),
	(2500, '2023-05-21'),
	(150000, '2023-05-21'),
	(65000, '2023-05-21'),
	(15000, '2023-05-21'),
	(2750, '2023-05-21'),
	(1000, '2023-05-21'),
	(2500, '2023-05-21'),
	(500000, '2023-05-22'),
	(475, '2023-05-22'),
	(50000, '2023-05-22'),
	(800000, '2023-05-17'),
	(850000, '2023-05-18'),
	(887000, '2023-05-19'),
	(2000, '2023-05-22'),
	(947000, '2023-05-19'),
	(447000, '2023-05-16'),
	(1007000, '2023-05-20'),
	(15000, '2023-05-22'),
	(50000, '2023-05-22'),
	(15000, '2023-05-22'),
	(25000, '2023-05-22'),
	(25000, '2023-05-22'),
	(50000, '2023-05-22');
/*!40000 ALTER TABLE `sales` ENABLE KEYS */;

-- 테이블 samp.tiper 구조 내보내기
CREATE TABLE IF NOT EXISTS `tiper` (
  `TIPER_CODE` int(11) NOT NULL AUTO_INCREMENT,
  `TIPER_USER_ID` varchar(200) NOT NULL,
  `TIPER_INFO` varchar(2000) DEFAULT NULL,
  `TIPER_DATE` date DEFAULT curdate(),
  `TIPER_CATE1` varchar(50) NOT NULL,
  `TIPER_CATE2` varchar(50) DEFAULT NULL,
  `TIPER_CATE3` varchar(50) DEFAULT NULL,
  `TIPER_IMG` varchar(2000) NOT NULL,
  `TIPER_ADDR` varchar(200) NOT NULL,
  `TIPER_CATE1_STAY` varchar(50) DEFAULT NULL,
  `TIPER_CATE2_STAY` varchar(50) DEFAULT NULL,
  `TIPER_CATE3_STAY` varchar(50) DEFAULT NULL,
  `TIPER_AGREE` int(11) DEFAULT 0,
  PRIMARY KEY (`TIPER_CODE`),
  KEY `TIPER_USER_ID_FK` (`TIPER_USER_ID`),
  CONSTRAINT `TIPER_USER_ID_FK` FOREIGN KEY (`TIPER_USER_ID`) REFERENCES `users` (`USER_ID`) ON DELETE CASCADE ON UPDATE CASCADE
) ENGINE=InnoDB AUTO_INCREMENT=20 DEFAULT CHARSET=utf8mb3 COLLATE=utf8mb3_general_ci;

-- 테이블 데이터 samp.tiper:~17 rows (대략적) 내보내기
/*!40000 ALTER TABLE `tiper` DISABLE KEYS */;
INSERT INTO `tiper` (`TIPER_CODE`, `TIPER_USER_ID`, `TIPER_INFO`, `TIPER_DATE`, `TIPER_CATE1`, `TIPER_CATE2`, `TIPER_CATE3`, `TIPER_IMG`, `TIPER_ADDR`, `TIPER_CATE1_STAY`, `TIPER_CATE2_STAY`, `TIPER_CATE3_STAY`, `TIPER_AGREE`) VALUES
	(1, 'smjang', '사무의 정석을 표방하는 사무 분야 경기권 최고의 강사 장승무 입니다. 매사에 최선을 다하겠습니다.', '2023-01-10', '사무', 'IT', '기타', 'smmimo.jpg', '안양시', NULL, NULL, NULL, 1),
	(2, 'hmoh', '센스 넘치는 강사 오현민입니다.\r\n여러분의 선택에 센스를 더하겠습니다. ', '2023-02-04', '라이프스타일', 'IT', '예체능', '1684717398186.png', '군포시', NULL, NULL, NULL, 1),
	(3, 'bykim', '경력 15년의 장인! 15년간 쌓아온 노하우를 아낌없이 베풀겠습니다. ', '2023-02-04', '공예', '사무', '라이프스타일', 'AREmoji_20230521_152426.jpg', '수원시', NULL, NULL, NULL, 1),
	(4, 'syyang', '꿀TIPer 평점 상위권을 항상 지키는 이유!\r\n맞춤 강의로 직접 보여드리겠습니다.', '2023-03-04', '공예', '예체능', '기타', '이모지.png', '안양시', NULL, NULL, NULL, 1),
	(5, 'shlee', '꿀TIPer 예체능 분야 1위. 지역은행, 남동발전, HUG인사과 등 출강 경험 다수.', '2023-04-01', '예체능', '공예', '라이프스타일', '20220512_234707.jpg', '서울시', NULL, NULL, NULL, 1),
	(6, 'shjung', '안녕하세요. 늘 즐겁게 가르치는 강사 정성현 입니다.', '2023-03-30', '기타', '예체능', 'IT', 'ggtip.png', '서울시', NULL, NULL, NULL, 1),
	(7, 'shhan', '1위[IT 부문 5.0] 5.0의 가치를 보여드립니다. 출강 및 개인레슨 경험 많이 있습니다.', '2023-02-28', 'IT', '사무', '공예', '짱구.jpg', '서울시', NULL, NULL, NULL, 1),
	(8, 'auhae', '모두 할 수 있습니다. 글로벌(미국/캐나다/호주/중국 등) 프로젝트 진행.ONLY로 고민하는 국가지원 사업 경험.', '2023-04-01', '예체능', '사무', '라이프스타일', 'tiper.png', '안양시', NULL, NULL, NULL, 1),
	(9, 'brlee', '현대무용 전문! 바로 달려가는 이보라 입니다. 현대무용, 고전무용, KPOP 댄스 등 다양한 분야 레슨 가능합니다.', '2023-05-08', '예체능', '공예', '라이프스타일', 'tiper.png', '군포시', NULL, NULL, NULL, 1),
	(10, 'cjleem', '효율성과 생산성을 올려주는 강의를 추구하는 림창정입니다. 모두가 함께하는 강의, 연락주세요.', '2023-02-11', '사무', 'IT', '기타', 'tiper.png', '서울시', NULL, NULL, NULL, 1),
	(11, 'dgjang', '저와 함께라면 어렵지 않습니다. 꿀TIPer에서 3,000회 이상의 고용횟수가 검증하는 강사 장동건입니다.', '2023-04-04', '라이프스타일', '기타', '예체능', 'tiper.png', '서울시', NULL, NULL, NULL, 1),
	(12, 'dulee', '이동욱입니다. 꿀TIPer에서 12년간 꾸준한 활동으로 만들어온 경험을 공유합니다.', '2023-03-04', '라이프스타일', '사무', 'IT', 'tiper.png', '수원시', NULL, NULL, NULL, 1),
	(13, 'ebpark', '★평점 5점★ 현 대입, 취업(대학 자소서 강사) 전 LG/현대차/NICE/ EY 등 국내외 유명 기업 근무', '2023-04-15', '기타', '라이프스타일', '예체능', 'tiper.png', '안양시', NULL, NULL, NULL, 1),
	(14, 'thkim', '기대하고 생각하시는 것 이상의, 확실한 결과물을 보장하는 강사 김태희입니다.', '2023-03-09', '기타', 'IT', '공예', 'tiper.png', '군포시', NULL, NULL, NULL, 1),
	(15, 'yakim', '평점 5점의 이유! 해당 분야에 대한 깊은 이해를 바탕으로 도와드립니다. 글로벌 프로젝트 경험 다수.', '2023-04-01', '예체능', '라이프스타일', '공예', 'tiper.png', '군포시', NULL, NULL, NULL, 1),
	(16, 'yckim', '빠르고 성실한 강사. 김영철입니다. 다년간 외국어 분야 강의를 통한 효율적이고 빠른 습득을 위한 강의를 진행합니다.', '2023-04-17', '라이프스타일', '사무', '공예', 'tiper.png', '수원시', NULL, NULL, NULL, 1),
	(17, 'yjson', '국내외 프로젝트 진행 경험을 통해 성과 극대화를 추구합니다. 증명된 강사 손연재 입니다. ', '2023-04-30', '기타', '예체능', '라이프스타일', 'tiper.png', '안양시', NULL, NULL, NULL, 1);
/*!40000 ALTER TABLE `tiper` ENABLE KEYS */;

-- 테이블 samp.users 구조 내보내기
CREATE TABLE IF NOT EXISTS `users` (
  `USER_ID` varchar(200) NOT NULL,
  `USER_NAME` varchar(200) NOT NULL,
  `USER_PW` varchar(200) NOT NULL,
  `USER_ADDR1` varchar(200) NOT NULL,
  `USER_ADDR2` varchar(200) NOT NULL,
  `USER_ADDR3` varchar(200) NOT NULL,
  `USER_ADDR4` varchar(200) DEFAULT NULL,
  `USER_TEL` varchar(200) NOT NULL,
  `USER_EMAIL` varchar(200) NOT NULL,
  `USER_DATE` date DEFAULT curdate(),
  `USER_ROLE` int(11) DEFAULT 0,
  `USER_CATE` varchar(200) NOT NULL,
  `USER_POINT` int(11) DEFAULT 0,
  PRIMARY KEY (`USER_ID`)
) ENGINE=InnoDB DEFAULT CHARSET=utf8mb3 COLLATE=utf8mb3_general_ci;

-- 테이블 데이터 samp.users:~35 rows (대략적) 내보내기
/*!40000 ALTER TABLE `users` DISABLE KEYS */;
INSERT INTO `users` (`USER_ID`, `USER_NAME`, `USER_PW`, `USER_ADDR1`, `USER_ADDR2`, `USER_ADDR3`, `USER_ADDR4`, `USER_TEL`, `USER_EMAIL`, `USER_DATE`, `USER_ROLE`, `USER_CATE`, `USER_POINT`) VALUES
	('aaaaaa', '테스트', '$2a$10$gKqE8c6qSwf.ZQ/zIFQHZu49x..TFLya0w2jxOXzbjQ6vk9yYNNXe', '13536', '경기 성남시 분당구 판교역로2번길 2', '1234', ' (백현동)', '01023347315', '', '2023-05-14', 0, '예체능', 0),
	('admin', '관리자', '$2a$10$75KM.d3FWR.O609ooFcfH.mjMZ1itBSbthjSAhL3NJpwUbddU0Pj6', '08275', '서울 구로구 안양천로 545', '20', ' (고척동)', '', '', '2023-02-04', 2, '사무', 0),
	('auhae', '해애언', '$2a$10$QYIBCEMgIokppAT41/M0deK9.Oktj6QrpnvE6VaBQoS2ablugIK4m', '경기 성남시 분당구 안양판교로 806-6', '경기 성남시 분당구 안양판교로 806-6', '123', ' (운중동)', '01050122997', 'hae900722@hotmail.com', '2023-03-04', 1, 'IT', 1900000),
	('brlee', '이보라', '$2a$10$fwd4gjKDwl0I.7WBgg5GR.hka1il0ZEmew9jYtwTexv5.YzVebNXq', '48757', '부산 동구 성남로 9', '30', ' (좌천동)', '', '', '2023-05-04', 1, '예체능', 0),
	('bykim', '김보영', '$2a$10$YTDDFAgXgfCvWwWVokDILug1k6x5vK3Nwfqmx4hCJlz2xi/vO0OTW', '서울 금천구 안양천동자전거길 891', '서울 금천구 안양천동자전거길 891', '123', ' (가산동)', '01022389161', 'kby0426@naver.com', '2023-02-01', 1, '공예', 8006025),
	('cjleem', '임창정', '$2a$10$A/YjFKyf.Wa7uqMro88gFuPMljd0eDX7MuOgLx7H0MyYYgWSqYV5K', '63214', '제주특별자치도 제주시 가령로 1', '11', ' (이도이동)', '', '', '2023-02-08', 1, '사무', 0),
	('dgjang', '장동건', '$2a$10$drMSVtTRyP0QOxpDVe2RcO7SE9WmhSvkX.AfAPsHfaUo/GOk5ZGyK', '05831', '서울 송파구 동남로 99', '12', ' (가락동)', '', '', '2023-04-01', 1, '라이프스타일', 0),
	('dulee', '이동욱', '$2a$10$w5U/6WTzwMAG7/bK3TZEQOtFgfDZbnYGVdH11f6CXviuKN5nTRvXq', '02592', '서울 동대문구 서울시립대로 5', '30', ' (답십리동, 신답극동아파트)', '', '', '2023-01-21', 1, '라이프스타일', 0),
	('ebpark', '박은빈', '$2a$10$R1pHDrZv4R5YFdbhu1W5W.KhZaU34BPfpNJrgY5EHxkS71rdgEo5K', '35389', '대전 서구 가수원로 5', '37', ' (가수원동, 은아아파트5단지)', '', '', '2023-03-30', 1, '기타', 0),
	('gdhong11', '홍길동', '$2a$10$DQIy.w.zI99x/NQ.PMhMIupzl7Gss/YibK6vTVi2bxbOQkwABLHPS', '13545', '경기 성남시 분당구 안양판교로 806-6', '123호', ' (운중동)', '01046527274', '05sh@naver.com', '2023-05-22', 0, '사무', 0),
	('gihan', '한가인', '$2a$10$lE9TDBH1dMlx/yBQt/TKWOESlD8bhiKi40P8tkTs6OlxiavPN8WIO', '63503', '제주특별자치도 서귀포시 대정읍 대한로 632', '89', '', '', '', '2023-03-04', 1, '공예', 0),
	('hckim', '김희철', '$2a$10$oDx2za9y0foiPZuvwuiCTeqz.vJuaNtBH00Z4mnUkDBsfVBczOQbu', '08500', '서울 금천구 가마산로 70', '70', ' (가산동)', '', '', '2023-04-03', 0, '사무', 0),
	('hdkang', '강호동', '$2a$10$eZR7EnnGryD/r8wMqmU35emOFDeyIhMmjdE1sSEYVgxbbzjM9ItgW', '03055', '서울 종로구 북촌로 31-6', '33', ' (가회동)', '', '', '2023-03-19', 0, '공예', 0),
	('hllee', '이효리', '$2a$10$P3NfO2wVab19cZ7ptsD.COzDV6xXmSEyHwziYfCugYatV7bWyJgL6', '63018', '제주특별자치도 제주시 한림읍 감낭길 4', '37', '', '', '', '2023-05-04', 0, '라이프스타일', 0),
	('hmoh', '오현민', '$2a$10$wdoMfWS1nwvMCiN9SfjSKOHiGznxrpPyX79/RhK1zp1WYpHbFTuA2', '08597', '서울 금천구 안양천서자전거길 1238', '51', ' (독산동)', '', '', '2023-01-30', 1, '라이프스타일', 10679114),
	('hysong', '송혜교', '$2a$10$/MV1BfF9QkO05WXXg7J9kO.foR3VhwqyggTuvt.eix0bngUUH6QYW', '03055', '서울 종로구 북촌로 31-4', '15', ' (가회동)', '', '', '2023-02-25', 0, 'IT', 0),
	('jhlee', '이지혜', '$2a$10$5SmAYBMJpYt/93g4g4k18esR3T1uqlGSnlyVSW1KiZ1f8nMfQBDiq', '18148', '경기 오산시 부산중앙로 11', '12', ' (부산동, 오산시티자이 1단지)', '', '', '2023-04-01', 0, '사무', 0),
	('jkhong', '홍진경', '$2a$10$SGiwn/9S6BQR1ZR2G.TphePkfrePMiIigrOkozBOpQjz1jkp3/JSO', '06036', '서울 강남구 가로수길 10', '11', ' (신사동)', '', '', '2023-05-01', 0, '라이프스타일', 0),
	('jksong', '송중기', '$2a$10$G8S6nh/2e/5b6IGpNgIyx.ufp1VHrGvemCiJlw4zVuQwk1/ISOx/e', '42260', '대구 수성구 고모로 31', '55', ' (가천동)', '', '', '2023-05-04', 0, '예체능', 0),
	('jsmxn', '승무', '$2a$10$ZTkG7IH6WWhQgxoQjkCIu.GR9uvUtUNFLJ/aplIKWdrF8dC3vGUTe', '08103', '서울 양천구 신정동 161-5', '', '', '', '', '2023-05-20', 0, 'IT', 200),
	('jsmxn2', '승무', '$2a$10$9IMCWZxjVZa9Sbua4JszcO9muIFo2MaY2./cbsYE/sx/9O1yhdYfO', '15888', '경기 군포시 대야미동 588-1', '', '', '', '', '2023-05-20', 0, 'IT', 0),
	('jsmxn3', '승무', '$2a$10$upGd7HeFCjIxpy6JdGOIROkQ0ZPwvlrFmXgQWoYpbV2Ke8EITUJ6m', '15888', '경기 군포시 대야미동 593-8', '', '', '', '', '2023-05-20', 0, 'IT', 0),
	('jsyoo', '유재석', '$2a$10$CGiWdSVtPAoNN7g4TiYQ2ulPz0rlkTDHH4Wn8s/SYIUbBJ/N.Y2x2', '06267', '서울 강남구 강남대로 238-2', '57', ' (도곡동)', '', '', '2023-04-10', 0, 'IT', 0),
	('nnkim', '김나나', '$2a$10$5.N/lb0yDth8BhHIsVV9O.0zrjH86Y257rdDuuUw6ypSNT0UnBpZe', '06035', '서울 강남구 가로수길 5', '43', ' (신사동)', '', '', '2023-03-26', 0, '공예', 0),
	('nrjang', '장나라', '$2a$10$KsDyAS0vZOWDUTqCqFZ0SeqidDJ9dt7dz/93.WRtFwIpfCVOwFZJS', '14096', '경기 안양시 만안구 안양로 19', '19', ' (안양동)', '', '', '2023-05-01', 0, 'IT', 0),
	('rekim', '김라엘', '$2a$10$M5ohZJ9ZgWessED0/j3RfeaXNLaEGCCZw4wsrOrLmcMtTMeOKSXda', '03325', '서울 은평구 갈현로 181', '54', ' (갈현동)', '', '', '2023-04-15', 0, 'IT', 0),
	('shhan', '한상현', '$2a$10$smWtbNeVf4T.cq1k26uTFuzAYChmW9Ra5fOsuhQFVSqZ.ghwnO9T.', '경기 안양시 만안구 박달우회로164번길 91', '경기 안양시 만안구 박달우회로164번길 91', '42', ' (안양동)', '01094513687', 'sunhannn@gmail.com', '2023-02-27', 1, 'IT', 8013000),
	('shjung', '정성현', '$2a$10$v9xVIqlcus8srnnWGVA8decbBEHsRqYFGbQjGJlClSryDMmL1YHTS', '14128', '경기 안양시 동안구 경수대로 426', '78', ' (호계동)', '', '', '2023-03-14', 1, '기타', 4370500),
	('shlee', '이승희', '$2a$10$4ENahk5WA8UWUw7EBsz5WuDKpmUPYdGOZ7crUITidi822hsoJZYZS', '경기 안양시 만안구 안양로 16', '경기 안양시 만안구 안양로 16', '50', ' (안양동)', '01049914741', 'gracelee_210@naver.com', '2023-04-01', 1, '예체능', 4455595),
	('smjang', '장승무', '$2a$10$4JTRlAGU9GFT4O7hD46/P..teUa7gN3UmxaCqmeEx6K6exGDf.AYC', '경기 성남시 분당구 판교역로10번길 11', '경기 성남시 분당구 판교역로10번길 11', '경기 성남시 분당구 백현동 578-3', '1234', '01073840456', 'jsmxn@naver.com', '2023-01-08', 1, '사무', 52936637),
	('syyang', '양소연', '$2a$10$RD25lBzvFD4sAOgik95dCOey/4RgPxsetR.f34heE/I.HxGcCu7vW', '경기 안양시 동안구 관양동 1659-8', '경기 안양시 동안구 관양동 1659-8', '', '', '', 'jelritrc@naver.com', '2023-02-15', 1, '공예', 3143000),
	('thkim', '김태희', '$2a$10$8aN1T0/MXQ4Ijkq/IlnPneUR5kSkNYfuXfUQHxk1WoxaMk5mJGqXi', '08322', '서울 구로구 구로동로 5', '75', ' (가리봉동)', '', '', '2023-02-14', 1, '기타', 0),
	('yakim', '김연아', '$2a$10$.grVHyHXAWyctpYRF22rJusLytcn67yyFCksTKVCkv7pWLkfmO5fe', '15888', '경기 군포시 건건로 199', '50', ' (대야미동)', '', '', '2023-03-18', 1, '예체능', 0),
	('yckim', '김영철', '$2a$10$.aHUTk835OV2z4NwjStmOObhKD.pqSF/Da32fk1aNNVw/T.jUFRqS', '15846', '경기 군포시 고래들길 26', '21', ' (당정동)', '', '', '2023-04-05', 1, '라이프스타일', 20),
	('yjson', '손연재', '$2a$10$l369lbSLp3SvcHNERFPsA.yUxVKiYu.B9UlLbr.v/gmZBoRrUVnUm', '02592', '서울 동대문구 서울시립대로 7', '71', ' (답십리동)', '', '', '2023-04-27', 1, '기타', 0);
/*!40000 ALTER TABLE `users` ENABLE KEYS */;

/*!40101 SET SQL_MODE=IFNULL(@OLD_SQL_MODE, '') */;
/*!40014 SET FOREIGN_KEY_CHECKS=IFNULL(@OLD_FOREIGN_KEY_CHECKS, 1) */;
/*!40101 SET CHARACTER_SET_CLIENT=@OLD_CHARACTER_SET_CLIENT */;
/*!40111 SET SQL_NOTES=IFNULL(@OLD_SQL_NOTES, 1) */;
