<?xml version="1.0" encoding="UTF-8" ?>
<!DOCTYPE mapper PUBLIC "-//mybatis.org//DTD Mapper 3.0//EN"
  "http://mybatis.org/dtd/mybatis-3-mapper.dtd">

<mapper namespace="PointDAO">
	<!-- <resultMap type="point" id="pointMap"> -->
	<!-- <id property="point_num" column="point_num" /> -->
	<!-- <result property="point_id" column="point_id" /> -->
	<!-- <result property="point_price" column="point_price" /> -->
	<!-- <result property="point_history" column="point_history" /> -->
	<!-- <result property="point_time" column="point_time" /> -->
	<!-- <result property="user_point" column="user_point" /> -->
	<!-- </resultMap> -->

	<insert id="insertPoint">
		INSERT INTO point
		(point_id, point_price,
		point_history, point_time)
		VALUES(#{point_id},#{point_price},#{point_history}, SYSDATE())
	</insert>

	<update id="updateUserPoint">
		UPDATE users
		SET user_point =
		( SELECT SUM(point_price)
		FROM point
		WHERE point_id = #{point_id})
		WHERE user_id = #{point_id}
	</update>

	<select id="getPointList" resultType="point">
      SELECT point_time, point_history, point_price
      FROM point
      WHERE point_id = #{point_id}
      <if test="startDate != null and startDate != ''">
         AND point_time &gt;= #{startDate}
      </if>
      <if test="endDate != null and endDate != ''">
         AND point_time &lt;= DATE_ADD(#{endDate}, INTERVAL 1 DAY)
      </if>
      <if test="search_condition == 'point_history' ">
         AND point_history LIKE CONCAT('%', #{search_keyword}, '%')
      </if>
      <choose>
         <when test="price_type == 'negative'">
            AND point_price &lt; 0
         </when>
         <when test="price_type == 'non-negative'">
            AND point_price &gt;= 0
         </when>
      </choose>
      ORDER BY point_time DESC
   </select>

	<select id="callTotalPoint" resultType="point">
		SELECT user_point
		FROM
		users WHERE user_id= #{point_id}
	</select>

	<insert id="insertRefundPoint">
		INSERT INTO point (point_id, point_price,
		point_history, point_time)
		SELECT #{point_id}, (-1 * u.user_point),CONCAT('강의료 정산계좌 : ', #{point_history}), SYSDATE()
		FROM users u
		WHERE u.user_id = #{point_id};
	</insert>
	
</mapper>
